dataset,family,graph,alpha,base_distance,sigma,gamma,n_neighbors,graph_seconds,affinity_bytes,nnz_affinity,accuracy,ari,nmi,purity,eigensolver_seconds,post_kmeans_seconds,total_seconds,embedding_distortion,error
digits_01,digits,dense_rbf,0.1,9.96630173373514,0.996630173373514,0.5033869370811079,,0.01816337499999987,1036800,129240,0.5638888888888889,0.015429201573414018,0.0768817319995607,0.5638888888888889,0.059688916000000036,0.022182833000000013,0.10003512399999992,8.025255537543746,
digits_01,digits,dense_rbf,0.2,9.96630173373514,1.993260346747028,0.12584673427027698,,0.00815904199999995,1036800,129240,0.5111111111111111,0.0003116065617395571,0.010801079612899537,0.5111111111111111,0.01366079199999981,0.028885041999999972,0.05070487599999973,1.9944226551054784,
digits_01,digits,dense_rbf,0.35,9.96630173373514,3.488205606807299,0.04109281119029453,,0.010485958000000073,1036800,129240,1.0,1.0,1.0,1.0,0.08515854199999984,0.039485374999999934,0.13512987499999984,10.033817409773416,
digits_01,digits,dense_rbf,0.5,9.96630173373514,4.98315086686757,0.02013547748324432,,0.009394208999999876,1036800,129240,0.9972222222222222,0.988888814745925,0.9751786102885643,0.9972222222222222,0.036884999999999835,0.05436829199999993,0.10064750099999964,8.442485362817935,
digits_01,digits,dense_rbf,0.7,9.96630173373514,6.976411213614598,0.010273202797573633,,0.007355417000000086,1036800,129240,0.9916666666666667,0.966852146498289,0.9311368575551466,0.9916666666666667,0.022718959000000094,0.13576699999999997,0.16584137600000015,10.571380014521752,
digits_01,digits,dense_rbf,0.7071067811865475,9.96630173373514,7.047239539275362,0.010067738741622161,,0.009546624999999809,1036800,129240,0.9916666666666667,0.966852146498289,0.9311368575551466,0.9916666666666667,0.17155720800000007,0.04675179099999993,0.2278556239999998,10.606293654267203,
digits_01,digits,dense_rbf,1.0,9.96630173373514,9.96630173373514,0.00503386937081108,,0.007189375000000053,1036800,129240,0.9916666666666667,0.966852146498289,0.9311368575551466,0.9916666666666667,0.03851554200000029,0.02897241599999978,0.07467733300000012,11.43749400900144,
digits_01,digits,dense_rbf,1.4,9.96630173373514,13.952822427229195,0.002568300699393408,,0.010282375000000066,1036800,129240,0.9916666666666667,0.966852146498289,0.9311368575551466,0.9916666666666667,0.026386458999999807,0.022216790999999958,0.05888562499999983,11.828069510982644,
digits_01,digits,dense_rbf,2.0,9.96630173373514,19.93260346747028,0.00125846734270277,,0.012442082999999826,1036800,129240,0.9916666666666667,0.966852146498289,0.9311368575551466,0.9916666666666667,0.012333208000000262,0.01257979099999984,0.03735508199999993,12.038664338921418,
digits_01,digits,dense_rbf,3.0,9.96630173373514,29.89890520120542,0.0005593188189790088,,0.01271879099999973,1036800,129240,0.9916666666666667,0.966852146498289,0.9311368575551466,0.9916666666666667,0.09246570900000028,0.03003729200000027,0.13522179200000028,12.156067704507961,
digits_01,digits,dense_rbf,5.0,9.96630173373514,49.831508668675696,0.0002013547748324432,,0.01588400000000023,1036800,129240,0.9916666666666667,0.966852146498289,0.9311368575551466,0.9916666666666667,0.02196016700000003,0.04729158300000025,0.08513575000000051,12.218802287104243,
digits_01,digits,knn_rbf,0.1,4.438492055901602,0.44384920559016017,2.538043787777831,16.0,0.004987584000000211,98500,8088,0.6666666666666666,0.10867078358141789,0.08307346188657384,0.6666666666666666,0.0439672080000002,0.048785333999999736,0.09774012600000015,126.02056621309333,
digits_01,digits,knn_rbf,0.2,4.438492055901602,0.8876984111803203,0.6345109469444578,16.0,0.01177362500000001,98884,8120,0.5694444444444444,0.018346438449013337,0.08365000794472251,0.5694444444444444,0.046338875,0.029600083000000055,0.08771258300000007,7.461349114765029,
digits_01,digits,knn_rbf,0.35,4.438492055901602,1.5534722195655606,0.20718724798186375,16.0,0.021881708,98884,8120,0.5694444444444444,0.018443941054930895,0.11283822189164458,0.5694444444444444,0.015490207999999672,0.042758375000000015,0.08013029099999969,2.1888747020122166,
digits_01,digits,knn_rbf,0.5,4.438492055901602,2.219246027950801,0.10152175151111323,16.0,0.007055999999999951,98884,8120,0.5722222222222222,0.019994796825346002,0.11643591661086476,0.5722222222222222,0.05524370799999989,0.0282912500000001,0.09059095799999994,0.7277620771307608,
digits_01,digits,knn_rbf,0.7,4.438492055901602,3.106944439131121,0.05179681199546594,16.0,0.005192500000000155,98884,8120,0.9972222222222222,0.988888814745925,0.9751786102885643,0.9972222222222222,0.015767707999999825,0.013204707999999954,0.034164915999999934,13.617609256901641,
digits_01,digits,knn_rbf,0.7071067811865475,4.438492055901602,3.138487830970643,0.050760875755556635,16.0,0.004096125000000228,98884,8120,0.9972222222222222,0.988888814745925,0.9751786102885643,0.9972222222222222,0.011246250000000124,0.013558999999999877,0.02890137500000023,12.114288152043626,
digits_01,digits,knn_rbf,1.0,4.438492055901602,4.438492055901602,0.025380437877778307,16.0,0.004059083000000019,98884,8120,1.0,1.0,1.0,1.0,0.011927709000000064,0.034935250000000195,0.05092204200000028,2.1495181266277092,
digits_01,digits,knn_rbf,1.4,4.438492055901602,6.213888878262242,0.012949202998866484,16.0,0.002812624999999791,98884,8120,1.0,1.0,1.0,1.0,0.0121745419999999,0.02367804100000015,0.03866520799999984,1.295242277775228,
digits_01,digits,knn_rbf,2.0,4.438492055901602,8.876984111803203,0.006345109469444577,16.0,0.0044683330000001575,98884,8120,1.0,1.0,1.0,1.0,0.013117084000000112,0.03632662500000006,0.053912042000000326,1.3832758221882129,
digits_01,digits,knn_rbf,3.0,4.438492055901602,13.315476167704805,0.002820048653086479,16.0,0.01208395799999984,98884,8120,1.0,1.0,1.0,1.0,0.023651957999999862,0.03038470800000015,0.06612062399999985,1.6763899794434356,
digits_01,digits,knn_rbf,5.0,4.438492055901602,22.19246027950801,0.0010152175151111325,16.0,0.00324170800000001,98884,8120,1.0,1.0,1.0,1.0,0.009820416999999804,0.0127008329999998,0.025762957999999614,1.9414019370269688,
digits_17,digits,dense_rbf,0.1,9.706506462765532,0.9706506462765532,0.530693915333117,,0.020846584000000057,1042568,129960,0.518005540166205,0.0010799935874672062,0.025621634338377292,0.518005540166205,0.04521750000000013,0.03771929199999979,0.10378337599999998,7.935091696352837,
digits_17,digits,dense_rbf,0.2,9.706506462765532,1.9413012925531064,0.13267347883327926,,0.01214941699999983,1042568,129960,0.5096952908587258,0.00018825444858142624,0.0040102443170413555,0.5096952908587258,0.03814308300000002,0.02821945800000014,0.07851195799999999,0.7590431640549614,
digits_17,digits,dense_rbf,0.35,9.706506462765532,3.397277261967936,0.04332195227209118,,0.007214292000000011,1042568,129960,0.5235457063711911,0.0018857993704204147,0.022087951654064884,0.5235457063711911,0.009528167000000032,0.013590082999999975,0.030332542000000018,2.5560899070583725,
digits_17,digits,dense_rbf,0.5,9.706506462765532,4.853253231382766,0.02122775661332468,,0.00817837499999996,1042568,129960,1.0,1.0,1.0,1.0,0.009511625000000024,0.020044167,0.037734166999999985,28.95055273997874,
digits_17,digits,dense_rbf,0.7,9.706506462765532,6.794554523935872,0.010830488068022795,,0.014402749999999909,1042568,129960,1.0,1.0,1.0,1.0,0.0189092500000001,0.01913854199999987,0.05245054199999988,19.690257571955435,
digits_17,digits,dense_rbf,0.7071067811865475,9.706506462765532,6.8635365414525555,0.010613878306662343,,0.007500417000000148,1042568,129960,1.0,1.0,1.0,1.0,0.021711874999999825,0.045405999999999835,0.07461829199999981,19.599111576207466,
digits_17,digits,dense_rbf,1.0,9.706506462765532,9.706506462765532,0.00530693915333117,,0.011811416999999658,1042568,129960,1.0,1.0,1.0,1.0,0.010654916999999653,0.028472875000000286,0.0509392089999996,18.253868085765557,
digits_17,digits,dense_rbf,1.4,9.706506462765532,13.589109047871744,0.0027076220170056987,,0.008042917000000038,1042568,129960,1.0,1.0,1.0,1.0,0.010481249999999775,0.01738054199999972,0.035904708999999535,18.03928332606143,
digits_17,digits,dense_rbf,2.0,9.706506462765532,19.413012925531064,0.0013267347883327925,,0.012674875000000085,1042568,129960,1.0,1.0,1.0,1.0,0.011348416000000139,0.020570291999999935,0.04459358300000016,17.963039427085597,
digits_17,digits,dense_rbf,3.0,9.706506462765532,29.119519388296595,0.0005896599059256856,,0.026849791000000067,1042568,129960,1.0,1.0,1.0,1.0,0.027001250000000088,0.02077641599999991,0.07462745700000006,17.919137808830953,
digits_17,digits,dense_rbf,5.0,9.706506462765532,48.53253231382766,0.00021227756613324678,,0.009035874999999916,1042568,129960,1.0,1.0,1.0,1.0,0.049424875000000146,0.04462283300000003,0.10308358300000009,17.89640934388302,
digits_17,digits,knn_rbf,0.1,5.100527975613524,0.5100527975613524,1.9219396057043527,24.0,0.008197834000000181,144896,11954,0.5152354570637119,-0.0012297309037447397,0.0007192709205735736,0.5152354570637119,0.027152292000000244,0.0397603339999999,0.07511046000000032,136.6615459264373,
digits_17,digits,knn_rbf,0.2,5.100527975613524,1.0201055951227047,0.4804849014260882,24.0,0.03957208400000001,145952,12042,0.518005540166205,0.0010799935874672062,0.025621634338377292,0.518005540166205,0.013267750000000689,0.07308499999999984,0.12592483400000054,2.210127390667263,
digits_17,digits,knn_rbf,0.35,5.100527975613524,1.7851847914647332,0.15689302903709004,24.0,0.024212582999999732,145952,12042,0.5706371191135734,0.019155331619377675,0.11303348885649928,0.5706371191135734,0.07574637499999959,0.028269583000000154,0.12822854099999947,0.13003067262975965,
digits_17,digits,knn_rbf,0.5,5.100527975613524,2.550263987806762,0.0768775842281741,24.0,0.020184916999999913,145952,12042,0.5706371191135734,0.019155331619377675,0.11303348885649928,0.5706371191135734,0.02655054100000065,0.025995334000000092,0.07273079200000065,18.879390035852726,
digits_17,digits,knn_rbf,0.7,5.100527975613524,3.5703695829294664,0.03922325725927251,24.0,0.013484624999999362,145952,12042,1.0,1.0,1.0,1.0,0.034526749999999495,0.01915416599999986,0.06716554099999872,4.282175180412709,
digits_17,digits,knn_rbf,0.7071067811865475,5.100527975613524,3.606617919188016,0.03843879211408706,24.0,0.013084166999999702,145952,12042,1.0,1.0,1.0,1.0,0.07963824999999947,0.06977995900000078,0.16250237599999995,4.149800382031491,
digits_17,digits,knn_rbf,1.0,5.100527975613524,5.100527975613524,0.019219396057043526,24.0,0.037139416999999675,145952,12042,1.0,1.0,1.0,1.0,0.016836250000000774,0.062464166999999904,0.11643983400000035,1.6122671803500868,
digits_17,digits,knn_rbf,1.4,5.100527975613524,7.140739165858933,0.009805814314818128,24.0,0.013412416000000427,145952,12042,1.0,1.0,1.0,1.0,0.203899292,0.0529187499999999,0.27023045800000034,1.5601997208591785,
digits_17,digits,knn_rbf,2.0,5.100527975613524,10.201055951227048,0.0048048490142608815,24.0,0.010193333000000138,145952,12042,1.0,1.0,1.0,1.0,0.01549787499999944,0.011567874999999894,0.03725908299999947,1.7713161854066835,
digits_17,digits,knn_rbf,3.0,5.100527975613524,15.301583926840571,0.002135488450782614,24.0,0.003113457999999625,145952,12042,1.0,1.0,1.0,1.0,0.014155374999999637,0.01925079200000024,0.0365196249999995,2.053182471070721,
digits_17,digits,knn_rbf,5.0,5.100527975613524,25.50263987806762,0.0007687758422817411,24.0,0.005918375000000253,145952,12042,1.0,1.0,1.0,1.0,0.009803375000000614,0.011047791000000196,0.026769541000001063,2.302224753977819,
digits_0136,digits,dense_rbf,0.1,9.91906574589092,0.991906574589092,0.5081927518411335,,0.09143379199999924,4193408,523180,0.5345303867403315,0.33045644576353195,0.5447875831554604,0.5345303867403315,0.18830020800000025,0.018306458000000525,0.298040458,8.228677297576782,
digits_0136,digits,dense_rbf,0.2,9.91906574589092,1.983813149178184,0.1270481879602834,,0.04811166599999961,4193408,523452,0.7002762430939227,0.6277230137716258,0.7387540928066388,0.738950276243094,0.06105845899999984,0.06945929200000034,0.1786294169999998,33.090670247304416,
digits_0136,digits,dense_rbf,0.35,9.91906574589092,3.471673011061822,0.04148512259927621,,0.045798749999999444,4193408,523452,0.8784530386740331,0.72648784962027,0.7358945765215532,0.8784530386740331,0.1014911249999999,0.1371322079999997,0.28442208299999905,30.532848491788243,
digits_0136,digits,dense_rbf,0.5,9.91906574589092,4.95953287294546,0.020327710073645346,,0.04079812500000024,4193408,523452,0.9295580110497238,0.8294643566965161,0.8240428201808611,0.9295580110497238,0.13930404200000002,0.027143584000000054,0.2072457510000003,55.55118291824116,
digits_0136,digits,dense_rbf,0.7,9.91906574589092,6.943346022123644,0.010371280649819053,,0.03723087500000055,4193408,523452,0.9447513812154696,0.8648031518798465,0.8576991479653745,0.9447513812154696,0.06731924999999972,0.07768766700000018,0.18223779200000045,94.10592234555797,
digits_0136,digits,dense_rbf,0.7071067811865475,9.91906574589092,7.01383865195467,0.010163855036822673,,0.04826954199999989,4193408,523452,0.9447513812154696,0.8648031518798465,0.8576991479653745,0.9447513812154696,0.10533154099999997,0.08056808300000018,0.23416916600000004,94.55699103657594,
digits_0136,digits,dense_rbf,1.0,9.91906574589092,9.91906574589092,0.005081927518411336,,0.05266250000000028,4193408,523452,0.93646408839779,0.8445755650815018,0.832133981621038,0.93646408839779,0.06702541699999998,0.11789983400000015,0.2375877510000004,106.64442153501915,
digits_0136,digits,dense_rbf,1.4,9.91906574589092,13.886692044247289,0.002592820162454763,,0.04917020800000049,4193408,523452,0.9295580110497238,0.8277948703035595,0.8127587795701869,0.9295580110497238,0.07537174999999952,0.040929041000000055,0.16547099900000006,112.90639032659882,
digits_0136,digits,dense_rbf,2.0,9.91906574589092,19.83813149178184,0.001270481879602834,,0.0485599170000004,4193408,523452,0.925414364640884,0.8181924899947548,0.8042900710000085,0.925414364640884,0.11024241599999929,0.07549445800000054,0.23429679100000023,116.17812516356878,
digits_0136,digits,dense_rbf,3.0,9.91906574589092,29.757197237672763,0.000564658613156815,,0.03597941700000007,4193408,523452,0.925414364640884,0.8181924899947548,0.8042900710000085,0.925414364640884,0.06541220800000058,0.1315334159999999,0.23292504100000055,117.95330457015962,
digits_0136,digits,dense_rbf,5.0,9.91906574589092,49.5953287294546,0.00020327710073645344,,0.04423233399999926,4193408,523452,0.925414364640884,0.8181924899947548,0.8042900710000085,0.925414364640884,0.059378582999999985,0.033040291999999916,0.13665120899999916,118.8841271321313,
digits_0136,digits,knn_rbf,0.1,4.174915680111579,0.41749156801115794,2.868630338799195,10.0,0.006911624999999866,125420,10210,0.3798342541436464,0.06725118529447971,0.08111672516317234,0.4088397790055249,0.14430879199999946,0.0732702500000002,0.22449066699999953,235.348728086008,
digits_0136,digits,knn_rbf,0.2,4.174915680111579,0.8349831360223159,0.7171575846997987,10.0,0.03347033300000035,126332,10286,0.5276243093922652,0.32572983133328465,0.5355926744367672,0.5290055248618785,0.21821066699999925,0.045447917000000615,0.2971289170000002,7.5485754596748835,
digits_0136,digits,knn_rbf,0.35,4.174915680111579,1.4612204880390525,0.23417390520809767,10.0,0.010798167000000802,126572,10306,0.7817679558011049,0.6978572222964035,0.8169110806154155,0.7817679558011049,0.2600686250000006,0.023327166999999704,0.2941939590000011,15.880733285618353,
digits_0136,digits,knn_rbf,0.5,4.174915680111579,2.0874578400557895,0.11474521355196782,10.0,0.007998792000000421,126572,10306,0.7790055248618785,0.6941016859520736,0.8060334174587982,0.7790055248618785,0.09213941700000028,0.022354749999999868,0.12249295900000057,11.077895436374428,
digits_0136,digits,knn_rbf,0.7,4.174915680111579,2.922440976078105,0.058543476302024416,10.0,0.009812042000000076,126572,10306,0.9516574585635359,0.8797775398888183,0.8768760965887104,0.9516574585635359,0.2531459579999993,0.041426541999999955,0.3043845419999993,10.411293691487543,
digits_0136,digits,knn_rbf,0.7071067811865475,4.174915680111579,2.9521111882889444,0.057372606775983916,10.0,0.009312375000000372,126572,10306,0.9502762430939227,0.8760098759326936,0.878920581917172,0.9502762430939227,0.11967895899999981,0.09116858400000005,0.22015991800000023,10.793822462291937,
digits_0136,digits,knn_rbf,1.0,4.174915680111579,4.174915680111579,0.028686303387991954,10.0,0.014229374999999322,126572,10306,0.9558011049723757,0.8915884492496916,0.8984315923922905,0.9558011049723757,0.12170095799999991,0.04546458299999934,0.18139491599999857,9.07654357291117,
digits_0136,digits,knn_rbf,1.4,4.174915680111579,5.84488195215621,0.014635869075506104,10.0,0.020846124999998494,126572,10306,0.9571823204419889,0.8946385284061508,0.9003010397967328,0.9571823204419889,0.11570045900000103,0.04312874999999927,0.1796753339999988,7.168182884558564,
digits_0136,digits,knn_rbf,2.0,4.174915680111579,8.349831360223158,0.007171575846997989,10.0,0.03675095899999903,126572,10306,0.9571823204419889,0.8946385284061508,0.9003010397967328,0.9571823204419889,0.0639896249999996,0.022268291000001383,0.12300887500000002,6.97528374570207,
digits_0136,digits,knn_rbf,3.0,4.174915680111579,12.524747040334738,0.003187367043110217,10.0,0.006706874999999002,126572,10306,0.9571823204419889,0.8946385284061508,0.9003010397967328,0.9571823204419889,0.0736634580000004,0.035505000000000564,0.11587533299999997,6.945689215077158,
digits_0136,digits,knn_rbf,5.0,4.174915680111579,20.874578400557894,0.0011474521355196784,10.0,0.019335791999999685,126572,10306,0.9571823204419889,0.8946385284061508,0.9003010397967328,0.9571823204419889,0.060281499999998545,0.028843042000000096,0.10846033399999833,6.993420134282255,
digits_all,digits,dense_rbf,0.1,9.837168335180378,0.9837168335180378,0.5166896926853478,,0.7632515420000008,25833672,3216598,0.39677239844184753,0.17452191508146248,0.5328196631872696,0.41235392320534225,1.342388209000001,0.18411645900000018,2.289756210000002,37.17930681484123,
digits_all,digits,dense_rbf,0.2,9.837168335180378,1.9674336670360757,0.12917242317133695,,0.27586945899999904,25833672,3227412,0.3639398998330551,0.20716558986514338,0.515295659467579,0.39232053422370616,0.5854324170000016,0.07337116599999938,0.934673042,20.86458514538569,
digits_all,digits,dense_rbf,0.35,9.837168335180378,3.443008917313132,0.04217875042329371,,0.25737412499999834,25833672,3227412,0.6060100166944908,0.45808778215290163,0.5804219366068726,0.6316082359488036,2.9101519590000002,0.24421283299999885,3.4117389169999974,139.51058839692652,
digits_all,digits,dense_rbf,0.5,9.837168335180378,4.918584167590189,0.02066758770741391,,0.2820400829999983,25833672,3227412,0.5598219254312743,0.3885135078010315,0.5070807287561898,0.5692821368948247,0.6984487080000008,0.30924266699999947,1.2897314579999986,134.405844395302,
digits_all,digits,dense_rbf,0.7,9.837168335180378,6.886017834626264,0.010544687605823427,,0.19372816699999973,25833672,3227412,0.6176961602671118,0.46814921170108287,0.5743019236764013,0.6432943795214245,0.7600312920000007,0.31087766699999975,1.2646371260000002,356.6110699403378,
digits_all,digits,dense_rbf,0.7071067811865475,9.837168335180378,6.955928437479625,0.010333793853706957,,0.27806012499999966,25833672,3227412,0.6221480244852532,0.4724481839653733,0.5768903242136203,0.6471897607122983,0.676437791999998,0.27605199999999996,1.2305499169999976,356.48710944869845,
digits_all,digits,dense_rbf,1.0,9.837168335180378,9.837168335180378,0.0051668969268534775,,0.19885675000000091,25833672,3227412,0.6310517529215359,0.5289478235799501,0.6344061723215793,0.6855870895937674,0.6552628750000018,0.30642891700000163,1.1605485420000043,559.9266162094971,
digits_all,digits,dense_rbf,1.4,9.837168335180378,13.772035669252528,0.0026361719014558567,,0.2747190419999974,25833672,3227412,0.6499721758486366,0.5274105948523823,0.6348630257224214,0.6716750139120757,0.6996197089999967,0.2929386660000013,1.2672774169999954,627.6776044938824,
digits_all,digits,dense_rbf,2.0,9.837168335180378,19.674336670360756,0.0012917242317133694,,0.20324333299999964,25833672,3227412,0.6516416249304396,0.5259781147485795,0.6344283497369625,0.6705620478575404,0.6444611669999993,0.27193583300000057,1.1196403329999995,641.9275262841272,
digits_all,digits,dense_rbf,3.0,9.837168335180378,29.51150500554113,0.0005740996585392754,,0.2893421670000009,25833672,3227412,0.6521981079577073,0.5252401583562514,0.6341918484174506,0.6705620478575404,0.7985849589999994,0.288453999999998,1.3763811259999983,647.2735505894457,
digits_all,digits,dense_rbf,5.0,9.837168335180378,49.18584167590189,0.00020667587707413914,,0.2072854580000012,25833672,3227412,0.674457429048414,0.5412881086834179,0.6467680770984426,0.6828046744574291,0.6658396250000003,0.2834680419999991,1.1565931250000006,648.81738027643,
digits_all,digits,knn_rbf,0.1,4.363738912583038,0.43637389125830384,2.625744639904654,10.0,0.005996791999997697,307408,25018,0.333889816360601,0.10932410195866864,0.1558394618297028,0.3344462993878687,1.3962594170000031,0.2822455830000017,1.6845017920000025,584.705563614904,
digits_all,digits,knn_rbf,0.2,4.363738912583038,0.8727477825166077,0.6564361599761634,10.0,0.006956750000000511,309328,25178,0.3144129104062326,0.10564481816727946,0.4116836920910906,0.32442960489705064,1.385424791000002,0.09956162499999976,1.4919431660000022,28.88105185081712,
digits_all,digits,knn_rbf,0.35,4.363738912583038,1.5273086194040633,0.2143465012167065,10.0,0.02372000000000085,310024,25236,0.5848636616583194,0.3834603950816967,0.7053971980378999,0.5948803561491375,1.7321703329999956,0.24835116599999907,2.0042414989999955,29.21830625027873,
digits_all,digits,knn_rbf,0.5,4.363738912583038,2.181869456291519,0.10502978559618617,10.0,0.0060757079999973485,310024,25236,0.7089593767390094,0.6097684405854885,0.7723552716390417,0.7245409015025042,0.5498202909999961,0.1980201669999957,0.7539161659999891,35.70866681297814,
digits_all,digits,knn_rbf,0.7,4.363738912583038,3.0546172388081265,0.05358662530417663,10.0,0.0077593329999956495,310024,25236,0.7545909849749582,0.6608625443358699,0.8163296119022019,0.7696160267111853,2.5311085419999984,0.2229692909999983,2.7618371659999923,65.39341650171868,
digits_all,digits,knn_rbf,0.7071067811865475,4.363738912583038,3.085629376415077,0.05251489279809309,10.0,0.006995625000001837,310024,25236,0.8430717863105175,0.7867231048334967,0.8482674814284635,0.8580968280467446,2.6037842909999966,0.17643958299999696,2.7872194989999954,73.19142688765938,
digits_all,digits,knn_rbf,1.0,4.363738912583038,4.363738912583038,0.026257446399046543,10.0,0.027315125000001217,310024,25236,0.781858653311074,0.7076393964551817,0.8087565826744845,0.796883695047301,2.6533975830000003,0.1604567500000016,2.841169458000003,107.77591176547156,
digits_all,digits,knn_rbf,1.4,4.363738912583038,6.109234477616253,0.013396656326044157,10.0,0.05953245900000326,310024,25236,0.7696160267111853,0.6972858464996199,0.8016081486435197,0.7868670005564831,0.6373380410000067,0.17430583400000188,0.8711763340000118,114.61493417729558,
digits_all,digits,knn_rbf,2.0,4.363738912583038,8.727477825166076,0.006564361599761636,10.0,0.021286291999999207,310024,25236,0.763494713411241,0.6907716684692253,0.7953374318004016,0.7829716193656093,0.6252694590000019,0.14068562500000326,0.7872413760000043,121.57592778286073,
digits_all,digits,knn_rbf,3.0,4.363738912583038,13.091216737749114,0.0029174940443385047,10.0,0.08555758400000002,310024,25236,0.7623817473567056,0.6903824140694239,0.7976306760845912,0.7835281023928771,0.6292249579999947,0.18774062500000355,0.9025231669999982,126.08796670952057,
digits_all,digits,knn_rbf,5.0,4.363738912583038,21.81869456291519,0.0010502978559618617,10.0,0.021727875000003394,310024,25236,0.7623817473567056,0.6905839102369442,0.7966359974269519,0.7835281023928771,0.687207542000003,0.09174933300000276,0.8006847500000092,129.35612209408123,
iris,real,dense_rbf,0.1,2.4980286517156456,0.24980286517156458,8.012631567787224,,0.0003445419999934529,180000,22350,0.6866666666666666,0.5621364251426576,0.7130987813117573,0.6866666666666666,0.0026382920000003196,0.011275000000004809,0.014257833999998581,0.005223860897530856,
iris,real,dense_rbf,0.2,2.4980286517156456,0.49960573034312916,2.003157891946806,,0.0006061670000008235,180000,22350,0.8466666666666667,0.6536925558315911,0.7489500874010819,0.8466666666666667,0.0034555830000044807,0.0848009999999988,0.0888627500000041,4.971633952209678,
iris,real,dense_rbf,0.35,2.4980286517156456,0.8743100281004759,0.65409237288059,,0.0003459590000005619,180000,22350,0.84,0.6211405739193607,0.6430956841676825,0.84,0.004008458000001269,0.018203999999997222,0.022558416999999054,12.710954659644733,
iris,real,dense_rbf,0.5,2.4980286517156456,1.2490143258578228,0.32050526271148905,,0.00034141599999770733,180000,22350,0.84,0.6211405739193607,0.6430956841676826,0.84,0.005673915999999224,0.010626542000004235,0.016641874000001167,14.31435303513982,
iris,real,dense_rbf,0.7,2.4980286517156456,1.7486200562009517,0.1635230932201475,,0.0037241660000049137,180000,22350,0.84,0.6211405739193607,0.6430956841676825,0.84,0.0029832500000068762,0.01623537500000083,0.02294279100001262,16.701454971038586,
iris,real,dense_rbf,0.7071067811865475,2.4980286517156456,1.7663729992264212,0.16025263135574455,,0.0006657919999994988,180000,22350,0.84,0.6211405739193607,0.6430956841676825,0.84,0.003646290999995472,0.011623749999998267,0.015935832999993238,16.767861739495245,
iris,real,dense_rbf,1.0,2.4980286517156456,2.4980286517156456,0.08012631567787226,,0.000609292000000039,180000,22350,0.82,0.5896890897890412,0.6225586471963948,0.82,0.003233291999997334,0.011787374999997269,0.015629958999994642,18.72035019161717,
iris,real,dense_rbf,1.4,2.4980286517156456,3.4972401124019035,0.04088077330503687,,0.00038970800000015515,180000,22350,0.8133333333333334,0.580252001964217,0.6162206156967887,0.8133333333333334,0.0018712919999970268,0.011496874999998852,0.013757874999996034,20.098504153528488,
iris,real,dense_rbf,2.0,2.4980286517156456,4.996057303431291,0.020031578919468065,,0.0004654590000043868,180000,22350,0.8133333333333334,0.580252001964217,0.6162206156967887,0.8133333333333334,0.0017001249999992751,0.012074334000004683,0.014239918000008345,20.91135123015097,
iris,real,dense_rbf,3.0,2.4980286517156456,7.494085955146937,0.00890292396420803,,0.0006078340000001958,180000,22350,0.8066666666666666,0.5712746462490358,0.610349738482192,0.8066666666666666,0.0031377090000006547,0.012666625000001375,0.016412168000002225,21.329279495912946,
iris,real,dense_rbf,5.0,2.4980286517156456,12.490143258578229,0.0032050526271148903,,0.0006096660000025622,180000,22350,0.8066666666666666,0.5712746462490358,0.610349738482192,0.8066666666666666,0.0032885829999997895,0.016599249999998733,0.020497499000001085,21.528103327320338,
iris,real,knn_rbf,0.1,0.5469757567515252,0.05469757567515252,167.12208634357333,12.0,0.0006592920000016989,28612,2334,0.6666666666666666,0.35929691250532514,0.3752919258308038,0.6666666666666666,1.5054028750000015,0.020945999999995024,1.5270081669999982,27.86872691624491,
iris,real,knn_rbf,0.2,0.5469757567515252,0.10939515135030504,41.78052158589333,12.0,0.0005874580000053697,28636,2336,0.68,0.5517553852833211,0.6899788289414182,0.68,1.129413041999996,0.0036598749999967595,1.133660374999998,0.635999728079498,
iris,real,knn_rbf,0.35,0.5469757567515252,0.19144151486303382,13.642619293352924,12.0,0.0005938329999963798,28636,2336,0.6866666666666666,0.5621364251426576,0.7130987813117573,0.6866666666666666,0.005130416999996612,0.0028152089999977647,0.008539458999990757,0.0008367787688934556,
iris,real,knn_rbf,0.5,0.5469757567515252,0.2734878783757626,6.684883453742933,12.0,0.0005385839999973996,28636,2336,0.6866666666666666,0.5621364251426576,0.7130987813117573,0.6866666666666666,0.001968625000003499,0.00291508300000487,0.005422292000005768,0.02022519930252857,
iris,real,knn_rbf,0.7,0.5469757567515252,0.38288302972606764,3.410654823338231,12.0,0.0005274999999969054,28636,2336,0.8733333333333333,0.6956362463515929,0.7709004737914571,0.8733333333333333,0.0012988340000035237,0.003911209000001747,0.0057375430000021765,5.123552042115161,
iris,real,knn_rbf,0.7071067811865475,0.5469757567515252,0.38677026674364695,3.3424417268714675,12.0,0.0005842919999992091,28636,2336,0.88,0.7073626391173137,0.7771535104605841,0.88,0.0013256659999996145,0.003336500000003184,0.005246458000002008,5.540594270262878,
iris,real,knn_rbf,1.0,0.5469757567515252,0.5469757567515252,1.6712208634357333,12.0,0.0005177500000002055,28636,2336,0.8333333333333334,0.6201351808870379,0.659486892724918,0.8333333333333334,0.001018541999997069,0.003817916999999227,0.0053542089999965015,12.180617227913148,
iris,real,knn_rbf,1.4,0.5469757567515252,0.7657660594521353,0.8526637058345578,12.0,0.0005534579999988409,28636,2336,0.8266666666666667,0.6100728505285608,0.6525582020084985,0.8266666666666667,0.0009072089999975219,0.003383749999997576,0.004844416999993939,11.574513456175682,
iris,real,knn_rbf,2.0,0.5469757567515252,1.0939515135030504,0.4178052158589333,12.0,0.0005902079999984267,28636,2336,0.8266666666666667,0.6100728505285608,0.6525582020084985,0.8266666666666667,0.0009401670000031004,0.0031176669999979367,0.004648041999999464,13.014244951789172,
iris,real,knn_rbf,3.0,0.5469757567515252,1.6409272702545756,0.18569120704841482,12.0,0.0012674170000011031,28636,2336,0.82,0.6006861021484542,0.6467113936056553,0.82,0.0008924999999990746,0.004845209000002626,0.007005126000002804,15.208248638801914,
iris,real,knn_rbf,5.0,0.5469757567515252,2.734878783757626,0.06684883453742933,12.0,0.0005311669999983337,28636,2336,0.8133333333333334,0.5801379164100954,0.6166224199890987,0.8133333333333334,0.0009829170000017484,0.003565209000001346,0.005079293000001428,16.438948198469856,
two_moons,synthetic,dense_rbf,0.1,1.1542582661123855,0.11542582661123856,37.52874293897118,,0.0034052080000037677,2000000,249500,1.0,1.0,1.0,1.0,0.03609166700000088,0.017039916999998184,0.05653679200000283,0.562346459403704,
two_moons,synthetic,dense_rbf,0.2,1.1542582661123855,0.2308516532224771,9.382185734742794,,0.0035371669999975097,2000000,249500,0.922,0.7117632603127806,0.6232536240823136,0.922,0.02944308299999676,0.1386955830000005,0.17167583299999478,45.10652730499021,
two_moons,synthetic,dense_rbf,0.35,1.1542582661123855,0.4039903931393349,3.0635708521609137,,0.006003874999997549,2000000,249500,0.812,0.3881501619147762,0.30287697311312367,0.812,0.03312445899999972,0.02745004199999812,0.06657837599999539,46.619207858710254,
two_moons,synthetic,dense_rbf,0.5,1.1542582661123855,0.5771291330561927,1.5011497175588475,,0.005795584000004794,2000000,249500,0.78,0.31222168674698797,0.23983249703803525,0.78,0.030686582999997825,0.04424483399999701,0.08072700099999963,44.80777611955854,
two_moons,synthetic,dense_rbf,0.7,1.1542582661123855,0.8079807862786698,0.7658927130402284,,0.00579641699999911,2000000,249500,0.764,0.2773366109520323,0.21187988589453186,0.764,0.04402370800000455,0.12037416599999773,0.17019429100000139,46.35065738015795,
two_moons,synthetic,dense_rbf,0.7071067811865475,1.1542582661123855,0.8161838472086942,0.750574858779424,,0.0035216670000011163,2000000,249500,0.764,0.2773366109520323,0.21187988589453186,0.764,0.04037500000000449,0.05262629199999935,0.09652295900000496,46.43435456882679,
two_moons,synthetic,dense_rbf,1.0,1.1542582661123855,1.1542582661123855,0.3752874293897119,,0.006211374999999464,2000000,249500,0.744,0.23661416867469878,0.17934987080228953,0.744,0.029595166999996536,0.036419042000005675,0.07222558400000167,48.68696790028131,
two_moons,synthetic,dense_rbf,1.4,1.1542582661123855,1.6159615725573395,0.1914731782600571,,0.0047542920000012145,2000000,249500,0.738,0.22502296465789673,0.17025493592226687,0.738,0.04249945799999466,0.06837804199999908,0.11563179199999496,49.65593205185061,
two_moons,synthetic,dense_rbf,2.0,1.1542582661123855,2.308516532224771,0.09382185734742797,,0.003305416999999977,2000000,249500,0.738,0.22502296465789673,0.17025493592226687,0.738,0.027895791999995367,0.16212041700000412,0.19332162599999947,49.75714717675047,
two_moons,synthetic,dense_rbf,3.0,1.1542582661123855,3.4627747983371564,0.041698603265523534,,0.005681041999999081,2000000,249500,0.734,0.21745600137818433,0.16437152750140568,0.734,0.03824841699999837,0.08908125000000666,0.1330107090000041,49.564478343914175,
two_moons,synthetic,dense_rbf,5.0,1.1542582661123855,5.771291330561928,0.015011497175588471,,0.003243459000003668,2000000,249500,0.73,0.2100168928508629,0.15853937642080979,0.73,0.02692695900000075,0.03203358299999337,0.06220400099999779,49.37937557658276,
two_moons,synthetic,knn_rbf,0.1,0.08807835121027044,0.008807835121027044,6445.129558689536,12.0,0.0011995420000019408,88812,7234,0.612,0.048268722891566265,0.03650325783442188,0.612,2.5026920419999996,0.029398834000005536,2.533290418000007,229.0939551555854,
two_moons,synthetic,knn_rbf,0.2,0.08807835121027044,0.01761567024205409,1611.282389672384,12.0,0.0016147079999981884,88812,7234,0.998,0.9919999681285151,0.981182940453905,0.998,2.6434762089999992,0.05964995800000139,2.704740874999999,1.0488809696960244,
two_moons,synthetic,knn_rbf,0.35,0.08807835121027044,0.030827422923594652,526.1330251991459,12.0,0.000897000000001924,88812,7234,1.0,1.0,1.0,1.0,0.256410166000002,0.007028625000003785,0.2643357910000077,3.38750069597586e-23,
two_moons,synthetic,knn_rbf,0.5,0.08807835121027044,0.04403917560513522,257.8051823475815,12.0,0.0009464170000015315,88812,7234,1.0,1.0,1.0,1.0,0.07946412499999411,0.005861791999997479,0.08627233399999312,1.103152756166146e-11,
two_moons,synthetic,knn_rbf,0.7,0.08807835121027044,0.061654845847189305,131.53325629978647,12.0,0.0010888329999971802,88812,7234,1.0,1.0,1.0,1.0,0.02444583300000147,0.0049177920000005315,0.030452457999999183,3.148830499599343e-05,
two_moons,synthetic,knn_rbf,0.7071067811865475,0.08807835121027044,0.06228079941651258,128.90259117379074,12.0,0.0008935000000036553,88812,7234,1.0,1.0,1.0,1.0,0.027011000000001673,0.008933042000002445,0.03683754200000777,4.265072611386296e-05,
two_moons,synthetic,knn_rbf,1.0,0.08807835121027044,0.08807835121027044,64.45129558689537,12.0,0.0009020410000033507,88812,7234,1.0,1.0,1.0,1.0,0.014010667000000865,0.009194250000000181,0.024106958000004397,0.060808939061606566,
two_moons,synthetic,knn_rbf,1.4,0.08807835121027044,0.12330969169437861,32.88331407494662,12.0,0.0013401659999985327,88812,7234,1.0,1.0,1.0,1.0,0.009405999999998471,0.0047959169999955975,0.015542082999992601,1.540905854735167,
two_moons,synthetic,knn_rbf,2.0,0.08807835121027044,0.17615670242054088,16.112823896723842,12.0,0.0009021669999995652,88812,7234,1.0,1.0,1.0,1.0,0.00872104199999768,0.006447208000004423,0.01607041700000167,6.562324605376149,
two_moons,synthetic,knn_rbf,3.0,0.08807835121027044,0.26423505363081135,7.161255065210595,12.0,0.0008036669999995638,88812,7234,1.0,1.0,1.0,1.0,0.012102333999997938,0.007920417000001123,0.020826417999998625,12.306716929091452,
two_moons,synthetic,knn_rbf,5.0,0.08807835121027044,0.44039175605135217,2.578051823475815,12.0,0.0009086660000008351,88812,7234,0.998,0.9919999681285151,0.981182940453905,0.998,0.009209875000003365,0.0070104999999998086,0.01712904100000401,16.076578872920955,
circles,synthetic,dense_rbf,0.1,0.9436701718754148,0.09436701718754148,56.147386863461406,,0.004421542000002887,2000000,249500,1.0,1.0,1.0,1.0,0.041150000000001796,0.04049775000000011,0.0860692920000048,0.002341467094166255,
circles,synthetic,dense_rbf,0.2,0.9436701718754148,0.18873403437508296,14.036846715865352,,0.003120666000000938,2000000,249500,0.552,0.008845099404719297,0.007899878650865675,0.552,0.035390749999997695,0.13689208299999933,0.17540349899999796,64.20484569929896,
circles,synthetic,dense_rbf,0.35,0.9436701718754148,0.3302845601563952,4.583460152119299,,0.003080249999996454,2000000,249500,0.516,-0.0009818472633770585,0.0007388503580911319,0.516,0.04568862499999682,0.08725100000000197,0.13601987499999524,43.92069711031321,
circles,synthetic,dense_rbf,0.5,0.9436701718754148,0.4718350859377074,2.2458954745384565,,0.003347333000000674,2000000,249500,0.512,-0.0014303607104973054,0.00041568090668777947,0.512,0.05170245799999407,0.027657374999996875,0.08270716599999162,44.809550433715785,
circles,synthetic,dense_rbf,0.7,0.9436701718754148,0.6605691203127904,1.1458650380298248,,0.004925124999999753,2000000,249500,0.508,-0.0017513893331547845,0.00018468893066122505,0.508,0.03324145799999911,0.06425566700000473,0.1024222500000036,45.61084047815922,
circles,synthetic,dense_rbf,0.7071067811865475,0.9436701718754148,0.6672755777365805,1.1229477372692285,,0.004475042000002816,2000000,249500,0.508,-0.0017513893331547845,0.00018468893066122505,0.508,0.027480165999996586,0.027656541999995454,0.059611749999994856,45.62829638930762,
circles,synthetic,dense_rbf,1.0,0.9436701718754148,0.9436701718754148,0.5614738686346141,,0.003376666999997724,2000000,249500,0.514,-0.0012208816121060564,0.0005662145814271223,0.514,0.0439265409999976,0.1745016659999976,0.22180487399999294,45.905393039817255,
circles,synthetic,dense_rbf,1.4,0.9436701718754148,1.3211382406255807,0.2864662595074562,,0.0031943749999996385,2000000,249500,0.512,-0.0014303607104973054,0.00041568090668777947,0.512,0.06138899999999836,0.04929225000000059,0.11387562499999859,45.58456809742409,
circles,synthetic,dense_rbf,2.0,0.9436701718754148,1.8873403437508296,0.14036846715865353,,0.00536420799999604,2000000,249500,0.512,-0.0014303607104973054,0.00041568090668777947,0.512,0.03536024999999654,0.08552333400000123,0.1262477919999938,45.27099067157316,
circles,synthetic,dense_rbf,3.0,0.9436701718754148,2.8310105156262444,0.06238598540384601,,0.0033125420000033046,2000000,249500,0.514,-0.0012221683213007263,0.0005657212714559232,0.514,0.04413408300000299,0.0716906669999986,0.11913729200000489,45.063303986210414,
circles,synthetic,dense_rbf,5.0,0.9436701718754148,4.7183508593770735,0.02245895474538457,,0.0035612499999970737,2000000,249500,0.512,-0.0014303607104973054,0.00041568090668777947,0.512,0.030470749999999214,0.03118145799999894,0.06521345799999523,44.94903449656215,
circles,synthetic,knn_rbf,0.1,0.0954888112162893,0.009548881121628931,5483.590697971923,14.0,0.001143667000000903,96492,7874,0.85,0.48904959538526316,0.47028718960785415,0.85,2.6128294170000004,0.01946854100000195,2.6334416250000032,119.21964504753706,
circles,synthetic,knn_rbf,0.2,0.0954888112162893,0.019097762243257863,1370.8976744929807,14.0,0.0017527919999977826,96492,7874,1.0,1.0,1.0,1.0,2.7062289170000042,0.022433583000001533,2.7304152920000035,2.600006707174961e-14,
circles,synthetic,knn_rbf,0.35,0.0954888112162893,0.03342108392570125,447.64005697730005,14.0,0.0011064170000025797,96492,7874,1.0,1.0,1.0,1.0,0.4075040829999992,0.00832166700000414,0.4169321670000059,9.59087737576936e-23,
circles,synthetic,knn_rbf,0.5,0.0954888112162893,0.04774440560814465,219.343627918877,14.0,0.0009170829999973762,96492,7874,1.0,1.0,1.0,1.0,0.06409287500000005,0.006339207999999985,0.07134916599999741,2.119130970509435e-24,
circles,synthetic,knn_rbf,0.7,0.0954888112162893,0.0668421678514025,111.91001424432501,14.0,0.001476249999996071,96492,7874,1.0,1.0,1.0,1.0,0.022004417000005105,0.006188958000002742,0.02966962500000392,4.86650896288127e-25,
circles,synthetic,knn_rbf,0.7071067811865475,0.0954888112162893,0.06752078593848021,109.67181395943851,14.0,0.0009612919999995029,96492,7874,1.0,1.0,1.0,1.0,0.02231787499999882,0.005771833000004278,0.029051000000002603,2.4899562471565262e-25,
circles,synthetic,knn_rbf,1.0,0.0954888112162893,0.0954888112162893,54.83590697971925,14.0,0.000909583000002101,96492,7874,1.0,1.0,1.0,1.0,0.017209083000004455,0.00656500000000193,0.024683666000008486,9.048123649320209e-26,
circles,synthetic,knn_rbf,1.4,0.0954888112162893,0.133684335702805,27.977503561081253,14.0,0.000938500000003728,96492,7874,1.0,1.0,1.0,1.0,0.009624000000002297,0.006327124999998546,0.01688962500000457,2.4540316447922778e-26,
circles,synthetic,knn_rbf,2.0,0.0954888112162893,0.1909776224325786,13.708976744929812,14.0,0.0009435840000051599,96492,7874,1.0,1.0,1.0,1.0,0.009747875000002182,0.0059187499999993065,0.016610209000006648,5.521442394587944e-26,
circles,synthetic,knn_rbf,3.0,0.0954888112162893,0.2864664336488679,6.092878553302137,14.0,0.0018594160000020565,96492,7874,1.0,1.0,1.0,1.0,0.013749208000000124,0.006489958999999601,0.02209858300000178,6.258547206634455e-27,
circles,synthetic,knn_rbf,5.0,0.0954888112162893,0.47744405608144647,2.19343627918877,14.0,0.0009627499999993461,96492,7874,1.0,1.0,1.0,1.0,0.010316709000001367,0.005874208000001602,0.017153667000002315,7.307436734406333e-26,
blobs,synthetic,dense_rbf,0.1,5.38274331515321,0.538274331515321,1.725689528431603,,0.0063939170000040235,2880000,359400,0.9983333333333333,0.9949958125176231,0.990445010867515,0.9983333333333333,0.03541429199999868,0.07216416600000031,0.11397237500000301,0.3278773603991165,
blobs,synthetic,dense_rbf,0.2,5.38274331515321,1.076548663030642,0.43142238210790074,,0.008258458000000246,2880000,359400,0.9983333333333333,0.9949958125176231,0.990445010867515,0.9983333333333333,0.06253937500000006,0.0348496659999995,0.10564749899999981,1.2223640196315315,
blobs,synthetic,dense_rbf,0.35,5.38274331515321,1.8839601603036233,0.14087261456584518,,0.004606750000000659,2880000,359400,0.9983333333333333,0.9949958125176231,0.990445010867515,0.9983333333333333,0.0706740000000039,0.044772166000001334,0.1200529160000059,5.95867186351723,
blobs,synthetic,dense_rbf,0.5,5.38274331515321,2.691371657576605,0.06902758113726414,,0.004957457999999804,2880000,359400,0.9983333333333333,0.9949958125176231,0.990445010867515,0.9983333333333333,0.12314608300000174,0.03802962500000007,0.1661331660000016,13.064573488729978,
blobs,synthetic,dense_rbf,0.7,5.38274331515321,3.7679203206072467,0.035218153641461296,,0.004893125000002385,2880000,359400,0.9983333333333333,0.9949958125176231,0.990445010867515,0.9983333333333333,0.05110437500000131,0.08417550000000062,0.14017300000000432,20.31786869612622,
blobs,synthetic,dense_rbf,0.7071067811865475,5.38274331515321,3.8061742995313916,0.034513790568632075,,0.0057628750000020545,2880000,359400,0.9983333333333333,0.9949958125176231,0.990445010867515,0.9983333333333333,0.10694649999999939,0.030992083999997533,0.14370145899999898,20.51441596010934,
blobs,synthetic,dense_rbf,1.0,5.38274331515321,5.38274331515321,0.017256895284316034,,0.004792584000000488,2880000,359400,0.9983333333333333,0.9949958125176231,0.990445010867515,0.9983333333333333,0.05759462500000012,0.023088207999997223,0.08547541699999783,26.690455118287986,
blobs,synthetic,dense_rbf,1.4,5.38274331515321,7.535840641214493,0.008804538410365324,,0.004679832999997302,2880000,359400,0.99,0.9702541752408238,0.9532120099434446,0.99,0.04756079199999874,0.11741058299999452,0.16965120799999056,31.364885165196394,
blobs,synthetic,dense_rbf,2.0,5.38274331515321,10.76548663030642,0.0043142238210790084,,0.005131125000005454,2880000,359400,0.99,0.9702541752408238,0.9532120099434446,0.99,0.05477941700000599,0.07394066700000224,0.13385120900001368,34.478822232317384,
blobs,synthetic,dense_rbf,3.0,5.38274331515321,16.14822994545963,0.001917432809368448,,0.0056391250000018545,2880000,359400,0.99,0.9702541752408238,0.9532120099434446,0.99,0.1313805000000059,0.03815724999999759,0.17517687500000534,36.467693702004595,
blobs,synthetic,dense_rbf,5.0,5.38274331515321,26.91371657576605,0.0006902758113726413,,0.007843792000002736,2880000,359400,0.99,0.9702541752408238,0.9532120099434446,0.99,0.051561665999997786,0.03497133300000144,0.09437679100000196,37.57575553161234,
blobs,synthetic,knn_rbf,0.1,0.319058163082892,0.031905816308289196,491.1682476002084,12.0,0.002088000000000534,107356,8746,0.625,0.36549350111823264,0.3639468818776881,0.625,2.7541602090000055,0.049683749999999804,2.805931959000006,137.81566006986975,
blobs,synthetic,knn_rbf,0.2,0.319058163082892,0.06381163261657839,122.7920619000521,12.0,0.002157999999994331,109540,8928,0.9783333333333334,0.9358283515813507,0.8952507604709944,0.9783333333333334,2.967981457999997,0.03145079100001169,3.001590249000003,31.164326337274574,
blobs,synthetic,knn_rbf,0.35,0.319058163082892,0.11167035707901218,40.09536715103743,12.0,0.001624708000008468,109540,8928,0.995,0.9850377307840942,0.9734455422717697,0.995,3.0115244579999967,0.032852625000003854,3.046001791000009,0.08552688660125479,
blobs,synthetic,knn_rbf,0.5,0.319058163082892,0.159529081541446,19.646729904008335,12.0,0.001037542000005942,109540,8928,0.9966666666666667,0.9900168347249766,0.9829929733076637,0.9966666666666667,0.6972964999999931,0.01029450000000054,0.7086285419999996,0.003957499422669827,
blobs,synthetic,knn_rbf,0.7,0.319058163082892,0.22334071415802437,10.023841787759357,12.0,0.0016084580000068627,109540,8928,0.9966666666666667,0.9900168347249766,0.9829929733076637,0.9966666666666667,0.013387624999992909,0.016465332999999305,0.031461415999999076,0.0686302201507319,
blobs,synthetic,knn_rbf,0.7071067811865475,0.319058163082892,0.22560819070883628,9.82336495200417,12.0,0.0015145409999917092,109540,8928,0.9966666666666667,0.9900168347249766,0.9829929733076637,0.9966666666666667,0.012392417000000933,0.013199583000002235,0.027106540999994877,0.07284667961711327,
blobs,synthetic,knn_rbf,1.0,0.319058163082892,0.319058163082892,4.911682476002084,12.0,0.0016995830000041678,109540,8928,0.9966666666666667,0.9900168347249766,0.9829929733076637,0.9966666666666667,0.0068889169999977184,0.010856042000000343,0.01944454200000223,0.3196490109615166,
blobs,synthetic,knn_rbf,1.4,0.319058163082892,0.44668142831604873,2.5059604469398393,12.0,0.0011091669999956366,109540,8928,0.9983333333333333,0.9949958125176231,0.990445010867515,0.9983333333333333,0.0051459579999999505,0.009839208000002486,0.016094332999998073,0.5378104428799619,
blobs,synthetic,knn_rbf,2.0,0.319058163082892,0.638116326165784,1.227920619000521,12.0,0.001122875000007184,109540,8928,0.9983333333333333,0.9949958125176231,0.990445010867515,0.9983333333333333,0.0045279169999901114,0.010623540999986858,0.016274332999984154,0.4417354237018334,
blobs,synthetic,knn_rbf,3.0,0.319058163082892,0.957174489248676,0.5457424973335648,12.0,0.0014156670000033955,109540,8928,0.9983333333333333,0.9949958125176231,0.990445010867515,0.9983333333333333,0.00438933299999178,0.01220612499999163,0.018011124999986805,0.7376662883490593,
blobs,synthetic,knn_rbf,5.0,0.319058163082892,1.5952908154144598,0.19646729904008337,12.0,0.0011150830000019596,109540,8928,0.9983333333333333,0.9949958125176231,0.990445010867515,0.9983333333333333,0.0043077500000094915,0.010299541999998496,0.015722375000009947,1.2104128157832792,
