dataset,family,graph,n_neighbors,repeat,alpha,sigma,gamma,graph_seconds,affinity_bytes,nnz_affinity,accuracy,ari,nmi,purity,eigensolver_seconds,post_kmeans_seconds,total_seconds,embedding_distortion,error
digits_0136,digits,dense_rbf_reference,,0,0.7,6.943346022123644,0.010371280649819053,0.10674454099999986,4193408,523452,0.9447513812154696,0.8648031518798465,0.8576991479653745,0.9447513812154696,0.1301790839999999,0.08908066700000017,0.3260042919999999,94.10592234555797,
digits_0136,digits,dense_rbf_reference,,1,0.7,6.943346022123644,0.010371280649819053,0.060257542,4193408,523452,0.9447513812154696,0.8648031518798465,0.8576991479653746,0.9447513812154696,0.12768129199999967,0.09881970800000017,0.28675854199999984,94.10592234555797,
digits_0136,digits,dense_rbf_reference,,2,0.7,6.943346022123644,0.010371280649819053,0.06552533300000007,4193408,523452,0.9447513812154696,0.8648031518798465,0.8576991479653745,0.9447513812154696,0.19743812500000013,0.11948295799999986,0.38244641600000007,94.10592234555797,
digits_0136,digits,dense_rbf_reference,,3,0.7,6.943346022123644,0.010371280649819053,0.06351870800000015,4193408,523452,0.9447513812154696,0.8648031518798465,0.8576991479653746,0.9447513812154696,0.22040333400000023,0.12216637499999994,0.4060884170000003,94.10592234555796,
digits_0136,digits,dense_rbf_reference,,4,0.7,6.943346022123644,0.010371280649819053,0.07318783299999998,4193408,523452,0.9447513812154696,0.8648031518798465,0.8576991479653746,0.9447513812154696,0.15688333300000012,0.12482012500000028,0.3548912910000004,94.10592234555797,
digits_0136,digits,knn_rbf,2.0,0,0.7,2.464913726091404,0.08229369409374719,0.014864667000000331,29300,2200,0.5082872928176796,0.4802768020507207,0.6238426676728954,0.5124309392265194,0.2371602909999999,0.011453249999999748,0.263478208,9.748607578802957,
digits_0136,digits,knn_rbf,2.0,1,0.7,2.464913726091404,0.08229369409374719,0.0024761250000002732,29300,2200,0.5441988950276243,0.46802948630327756,0.6053109498305077,0.5441988950276243,0.2278476249999999,0.011785749999999595,0.24210949999999976,9.497109883025114,
digits_0136,digits,knn_rbf,2.0,2,0.7,2.464913726091404,0.08229369409374719,0.002593292000000247,29300,2200,0.5441988950276243,0.46802948630327756,0.6053109498305077,0.5441988950276243,0.2300365409999996,0.011946500000000526,0.24457633300000037,9.497109883025114,
digits_0136,digits,knn_rbf,2.0,3,0.7,2.464913726091404,0.08229369409374719,0.002470584000000109,29300,2200,0.5441988950276243,0.46802948630327756,0.6053109498305077,0.5441988950276243,0.23141300000000076,0.01258758300000018,0.24647116700000105,9.497109883025114,
digits_0136,digits,knn_rbf,2.0,4,0.7,2.464913726091404,0.08229369409374719,0.0030521669999998835,29300,2200,0.5441988950276243,0.46802948630327756,0.6053109498305077,0.5441988950276243,0.2330239160000005,0.011832124999999749,0.24790820800000013,9.497109883025114,
digits_0136,digits,knn_rbf,3.0,0,0.7,2.5584180220475705,0.07638832602265884,0.0027062920000000545,41156,3188,0.30662983425414364,0.005874673474370257,0.09729781516933574,0.30939226519337015,0.1463863750000005,0.016049624999999956,0.16514229200000052,0.9795102949104463,
digits_0136,digits,knn_rbf,3.0,1,0.7,2.5584180220475705,0.07638832602265884,0.0036587910000003276,41156,3188,0.30662983425414364,0.005874673474370257,0.09729781516933574,0.30939226519337015,0.15280579200000055,0.018862041999999413,0.1753266250000003,0.9795102949104463,
digits_0136,digits,knn_rbf,3.0,2,0.7,2.5584180220475705,0.07638832602265884,0.0035826249999999504,41156,3188,0.30662983425414364,0.005874673474370257,0.09729781516933574,0.30939226519337015,0.16087479199999954,0.01492387500000003,0.17938129199999953,0.9795102949104463,
digits_0136,digits,knn_rbf,3.0,3,0.7,2.5584180220475705,0.07638832602265884,0.003620916999999224,41156,3188,0.30662983425414364,0.005874673474370257,0.09729781516933574,0.30939226519337015,0.15073595800000028,0.013803124999999916,0.16815999999999942,0.9795102949104463,
digits_0136,digits,knn_rbf,3.0,4,0.7,2.5584180220475705,0.07638832602265884,0.003896541000000475,41156,3188,0.30662983425414364,0.005874673474370257,0.09729781516933574,0.30939226519337015,0.15253495899999958,0.013810166999999929,0.17024166699999999,0.9795102949104463,
digits_0136,digits,knn_rbf,4.0,0,0.7,2.6366298567416844,0.07192364239376137,0.0037044169999997933,53804,4242,0.7803867403314917,0.6919206312292072,0.8066062285166449,0.7803867403314917,0.12927487500000012,0.018423458000000004,0.15140274999999992,7.70311008712131,
digits_0136,digits,knn_rbf,4.0,1,0.7,2.6366298567416844,0.07192364239376137,0.0038257919999997725,53804,4242,0.7831491712707183,0.6984004209030253,0.8155027784479787,0.7831491712707183,0.13421429200000023,0.01571850000000019,0.1537585840000002,7.709467575299876,
digits_0136,digits,knn_rbf,4.0,2,0.7,2.6366298567416844,0.07192364239376137,0.00427741699999995,53804,4242,0.7831491712707183,0.6984004209030253,0.8155027784479787,0.7831491712707183,0.13527304199999968,0.015917124999999643,0.15546758399999927,7.709467575299876,
digits_0136,digits,knn_rbf,4.0,3,0.7,2.6366298567416844,0.07192364239376137,0.004326583000000106,53804,4242,0.7831491712707183,0.6984004209030253,0.8155027784479787,0.7831491712707183,0.13506666699999936,0.015180791999999776,0.15457404199999925,7.709467575299876,
digits_0136,digits,knn_rbf,4.0,4,0.7,2.6366298567416844,0.07192364239376137,0.0038036669999996775,53804,4242,0.7803867403314917,0.6919206312292072,0.8066062285166449,0.7803867403314917,0.13476087500000045,0.015616958000000736,0.15418150000000086,7.70311008712131,
digits_0136,digits,knn_rbf,6.0,0,0.7,2.753773178232879,0.06593464514031976,0.004502915999999857,78404,6292,0.7803867403314917,0.6934432388855737,0.8097286739380185,0.7803867403314917,0.09332295900000087,0.015913832999999933,0.11373970800000066,23.368048153243933,
digits_0136,digits,knn_rbf,6.0,1,0.7,2.753773178232879,0.06593464514031976,0.004416416999999839,78404,6292,0.7803867403314917,0.6934432388855737,0.8097286739380185,0.7803867403314917,0.0931610420000002,0.015392665999999444,0.11297012499999948,23.368048153243933,
digits_0136,digits,knn_rbf,6.0,2,0.7,2.753773178232879,0.06593464514031976,0.004423292000000245,78404,6292,0.7803867403314917,0.6934432388855737,0.8097286739380185,0.7803867403314917,0.08968716700000012,0.01514408300000003,0.1092545420000004,23.368048153243933,
digits_0136,digits,knn_rbf,6.0,3,0.7,2.753773178232879,0.06593464514031976,0.004132833999999974,78404,6292,0.7776243093922652,0.6846240966611341,0.8000447951823636,0.7776243093922652,0.09705245900000037,0.015560333999999898,0.11674562700000024,23.30878661269585,
digits_0136,digits,knn_rbf,6.0,4,0.7,2.753773178232879,0.06593464514031976,0.004561625000000014,78404,6292,0.7776243093922652,0.6846240966611341,0.8000447951823635,0.7776243093922652,0.09563716700000047,0.021989458000000184,0.12218825000000066,23.30878661269585,
digits_0136,digits,knn_rbf,8.0,0,0.7,2.8410244125292583,0.06194697064510969,0.004550416999999918,102524,8302,0.9544198895027625,0.8866238558715455,0.8891317895121578,0.9544198895027625,0.05921299999999974,0.015596916000000682,0.07936033300000034,13.279745756243402,
digits_0136,digits,knn_rbf,8.0,1,0.7,2.8410244125292583,0.06194697064510969,0.004813417000000264,102524,8302,0.9571823204419889,0.8944369334583172,0.900263038633394,0.9571823204419889,0.06007858300000013,0.015497041999999794,0.08038904200000019,13.339306190070456,
digits_0136,digits,knn_rbf,8.0,2,0.7,2.8410244125292583,0.06194697064510969,0.005019833000000418,102524,8302,0.9571823204419889,0.8944369334583172,0.900263038633394,0.9571823204419889,0.059243500000000004,0.01578991700000021,0.08005325000000063,13.339306190070456,
digits_0136,digits,knn_rbf,8.0,3,0.7,2.8410244125292583,0.06194697064510969,0.004547750000000406,102524,8302,0.9571823204419889,0.8944369334583172,0.900263038633394,0.9571823204419889,0.057007166,0.015438667000000628,0.07699358300000103,13.339306190070456,
digits_0136,digits,knn_rbf,8.0,4,0.7,2.8410244125292583,0.06194697064510969,0.004420666999999767,102524,8302,0.9544198895027625,0.8866238558715455,0.8891317895121579,0.9544198895027625,0.058432625000000016,0.015191500000000246,0.07804479200000003,13.279745756243402,
digits_0136,digits,knn_rbf,10.0,0,0.7,2.922440976078105,0.058543476302024416,0.005677791000000099,126572,10306,0.9502762430939227,0.8760098759326936,0.878920581917172,0.9502762430939227,0.03806925000000039,0.016732750000000074,0.06047979100000056,9.28343772106181,
digits_0136,digits,knn_rbf,10.0,1,0.7,2.922440976078105,0.058543476302024416,0.00534941699999969,126572,10306,0.9502762430939227,0.8760098759326936,0.878920581917172,0.9502762430939227,0.03954249999999959,0.01526608299999932,0.0601579999999986,9.283437721061809,
digits_0136,digits,knn_rbf,10.0,2,0.7,2.922440976078105,0.058543476302024416,0.004452917000000056,126572,10306,0.9502762430939227,0.8760098759326936,0.878920581917172,0.9502762430939227,0.03723070799999917,0.015262833999999614,0.05694645899999884,9.28343772106181,
digits_0136,digits,knn_rbf,10.0,3,0.7,2.922440976078105,0.058543476302024416,0.004760042000000908,126572,10306,0.9502762430939227,0.8760098759326936,0.878920581917172,0.9502762430939227,0.037116208000000483,0.014920874999999612,0.056797125000001,9.28343772106181,
digits_0136,digits,knn_rbf,10.0,4,0.7,2.922440976078105,0.058543476302024416,0.004803167000000386,126572,10306,0.9502762430939227,0.8760098759326936,0.878920581917172,0.9502762430939227,0.03693633299999988,0.015346499999999708,0.05708599999999997,9.283437721061809,
digits_0136,digits,knn_rbf,12.0,0,0.7,2.981917066319818,0.056231398292379914,0.005403792000000962,151172,12356,0.9558011049723757,0.891240658502897,0.894185787261624,0.9558011049723757,0.024261208000000423,0.015290375000001077,0.04495537500000246,10.302144935072981,
digits_0136,digits,knn_rbf,12.0,1,0.7,2.981917066319818,0.056231398292379914,0.004513125000000784,151172,12356,0.9558011049723757,0.891240658502897,0.894185787261624,0.9558011049723757,0.02279254199999947,0.01442016699999904,0.041725833999999296,10.302144935072981,
digits_0136,digits,knn_rbf,12.0,2,0.7,2.981917066319818,0.056231398292379914,0.005275957999998582,151172,12356,0.9558011049723757,0.891240658502897,0.894185787261624,0.9558011049723757,0.023979084000000483,0.016144040999998666,0.04539908299999773,10.302144935072981,
digits_0136,digits,knn_rbf,12.0,3,0.7,2.981917066319818,0.056231398292379914,0.004797500000000454,151172,12356,0.9558011049723757,0.891240658502897,0.894185787261624,0.9558011049723757,0.022715959000001007,0.015215665999999572,0.042729125000001034,10.302144935072981,
digits_0136,digits,knn_rbf,12.0,4,0.7,2.981917066319818,0.056231398292379914,0.005074833000000112,151172,12356,0.9558011049723757,0.891240658502897,0.894185787261624,0.9558011049723757,0.022671917000000263,0.01500791599999829,0.042754665999998664,10.302144935072981,
digits_0136,digits,knn_rbf,16.0,0,0.7,3.093100075565698,0.052261522929177476,0.00602091699999896,199964,16422,0.9530386740331491,0.8823826318162773,0.8882413223313967,0.9530386740331491,0.024378916999999944,0.016194167000000093,0.046594000999999,16.323072577216532,
digits_0136,digits,knn_rbf,16.0,1,0.7,3.093100075565698,0.052261522929177476,0.006825416999999945,199964,16422,0.9530386740331491,0.8823826318162773,0.8882413223313967,0.9530386740331491,0.02429662499999985,0.014328332999999915,0.04545037499999971,16.323072577216536,
digits_0136,digits,knn_rbf,16.0,2,0.7,3.093100075565698,0.052261522929177476,0.0052130830000010064,199964,16422,0.9530386740331491,0.8823826318162773,0.8882413223313967,0.9530386740331491,0.0250561660000006,0.015913624999999598,0.046182874000001206,16.323072577216532,
digits_0136,digits,knn_rbf,16.0,3,0.7,3.093100075565698,0.052261522929177476,0.005923124999998919,199964,16422,0.9530386740331491,0.8823826318162773,0.8882413223313967,0.9530386740331491,0.024196125000001345,0.015127374999998722,0.045246624999998986,16.323072577216532,
digits_0136,digits,knn_rbf,16.0,4,0.7,3.093100075565698,0.052261522929177476,0.005327874999998983,199964,16422,0.9530386740331491,0.8823826318162773,0.8882413223313967,0.9530386740331491,0.024352584000000732,0.015014791999998778,0.04469525099999849,16.323072577216536,
digits_0136,digits,knn_rbf,24.0,0,0.7,3.272428571452268,0.046690621266998224,0.006365584000000979,295412,24376,0.9530386740331491,0.882848311785478,0.8861637247165512,0.9530386740331491,0.01533308300000158,0.015126125000000101,0.03682479200000266,10.02280211391018,
digits_0136,digits,knn_rbf,24.0,1,0.7,3.272428571452268,0.046690621266998224,0.0067127920000000785,295412,24376,0.9530386740331491,0.882848311785478,0.886163724716551,0.9530386740331491,0.015726332999999926,0.015998417000000487,0.03843754200000049,10.022802113910178,
digits_0136,digits,knn_rbf,24.0,2,0.7,3.272428571452268,0.046690621266998224,0.006873750000000456,295412,24376,0.9530386740331491,0.882848311785478,0.886163724716551,0.9530386740331491,0.015571084000001179,0.01528004099999869,0.037724875000000324,10.022802113910178,
digits_0136,digits,knn_rbf,24.0,3,0.7,3.272428571452268,0.046690621266998224,0.006447417000000399,295412,24376,0.9530386740331491,0.882848311785478,0.886163724716551,0.9530386740331491,0.015405917000000713,0.014981166000000101,0.036834500000001213,10.022802113910178,
digits_0136,digits,knn_rbf,24.0,4,0.7,3.272428571452268,0.046690621266998224,0.006072292000000701,295412,24376,0.9530386740331491,0.882848311785478,0.886163724716551,0.9530386740331491,0.015414125000001277,0.017669209000001018,0.039155626000003,10.022802113910178,
digits_0136,digits,knn_rbf,32.0,0,0.7,3.4100068579718643,0.042999113257593494,0.008199833000000822,389492,32216,0.9544198895027625,0.8864584767890258,0.8862963717744284,0.9544198895027625,0.01726070900000032,0.01727912499999995,0.04273966700000109,10.281476055964255,
digits_0136,digits,knn_rbf,32.0,1,0.7,3.4100068579718643,0.042999113257593494,0.007253915999999805,389492,32216,0.9544198895027625,0.8864584767890258,0.8862963717744283,0.9544198895027625,0.017788291000000456,0.016094666000000757,0.04113687300000102,10.281476055964255,
digits_0136,digits,knn_rbf,32.0,2,0.7,3.4100068579718643,0.042999113257593494,0.009031124999999918,389492,32216,0.9544198895027625,0.8864584767890258,0.8862963717744284,0.9544198895027625,0.015754124999999064,0.015925790999999023,0.040711040999998005,10.281476055964255,
digits_0136,digits,knn_rbf,32.0,3,0.7,3.4100068579718643,0.042999113257593494,0.008432750000000766,389492,32216,0.9544198895027625,0.8864584767890258,0.8862963717744284,0.9544198895027625,0.016513917000001044,0.016376874999998847,0.04132354200000066,10.281476055964255,
digits_0136,digits,knn_rbf,32.0,4,0.7,3.4100068579718643,0.042999113257593494,0.00970066699999883,389492,32216,0.9544198895027625,0.8864584767890258,0.8862963717744283,0.9544198895027625,0.01658008300000091,0.015399915999999791,0.04168066599999953,10.281476055964255,
digits_0136,digits,knn_rbf,48.0,0,0.7,3.62673856833641,0.038013468899134685,0.009859750000000389,572468,47464,0.9558011049723757,0.8911376819111456,0.8927904797580235,0.9558011049723757,0.012980833000000302,0.016705207999999416,0.03954579100000011,12.158423608576761,
digits_0136,digits,knn_rbf,48.0,1,0.7,3.62673856833641,0.038013468899134685,0.009057625000000513,572468,47464,0.9558011049723757,0.8911376819111456,0.8927904797580235,0.9558011049723757,0.01645220900000055,0.01688654199999995,0.04239637600000101,12.158423608576761,
digits_0136,digits,knn_rbf,48.0,2,0.7,3.62673856833641,0.038013468899134685,0.00975900000000074,572468,47464,0.9558011049723757,0.8911376819111456,0.8927904797580235,0.9558011049723757,0.015980166000000295,0.017427209000000943,0.04316637500000198,12.158423608576761,
digits_0136,digits,knn_rbf,48.0,3,0.7,3.62673856833641,0.038013468899134685,0.00950620799999946,572468,47464,0.9558011049723757,0.8911376819111456,0.8927904797580235,0.9558011049723757,0.014761124999999709,0.015262458999998785,0.039529791999997954,12.158423608576761,
digits_0136,digits,knn_rbf,48.0,4,0.7,3.62673856833641,0.038013468899134685,0.009984874999998894,572468,47464,0.9558011049723757,0.8911376819111456,0.8927904797580235,0.9558011049723757,0.015700417000001465,0.017719916999999086,0.043405208999999445,12.158423608576761,
digits_all,digits,dense_rbf_reference,,0,0.7,6.886017834626264,0.010544687605823427,1.1892738750000014,25833672,3227412,0.6176961602671118,0.46814921170108287,0.5743019236764013,0.6432943795214245,1.0499907089999994,0.30606920900000034,2.545333793000001,356.6110699403378,
digits_all,digits,dense_rbf_reference,,1,0.7,6.886017834626264,0.010544687605823427,0.5927824590000004,25833672,3227412,0.6199220923761826,0.4696136134258893,0.5743352833584161,0.6449638286032277,1.322100625000001,0.32016716699999925,2.2350502510000005,355.64753949521474,
digits_all,digits,dense_rbf_reference,,2,0.7,6.886017834626264,0.010544687605823427,0.5998573750000009,25833672,3227412,0.6215915414579856,0.4726841278806321,0.57783178181132,0.6471897607122983,1.2909150830000016,0.31996012499999793,2.2107325830000004,355.66507343439014,
digits_all,digits,dense_rbf_reference,,3,0.7,6.886017834626264,0.010544687605823427,0.3742315420000004,25833672,3227412,0.6210350584307178,0.471199132448504,0.5754624130915869,0.6460767946577629,1.4808014169999986,0.3121112079999975,2.1671441669999965,355.6498865657494,
digits_all,digits,dense_rbf_reference,,4,0.7,6.886017834626264,0.010544687605823427,0.6066158749999992,25833672,3227412,0.6182526432943796,0.4688474901410151,0.5748196084142072,0.6438508625486923,1.0269592079999974,0.303667707999999,1.9372427909999956,356.58190626062736,
digits_all,digits,knn_rbf,2.0,0,0.7,2.5605982275248382,0.0762583006681749,0.007976125000002554,71896,5392,0.6716750139120757,0.6545892355156482,0.7940140791648963,0.679465776293823,0.6651377909999994,0.03923895799999855,0.7123528740000005,45.16480221763915,
digits_all,digits,knn_rbf,2.0,1,0.7,2.5605982275248382,0.0762583006681749,0.008099291999997149,71896,5392,0.6722314969393434,0.6547079322278841,0.7953719791156165,0.679465776293823,0.6504399589999998,0.03931562500000041,0.6978548759999974,46.95000113537504,
digits_all,digits,knn_rbf,2.0,2,0.7,2.5605982275248382,0.0762583006681749,0.007628000000000412,71896,5392,0.6716750139120757,0.6545892355156482,0.7940140791648963,0.679465776293823,0.6101584160000009,0.03913533400000091,0.6569217500000022,45.16480221763915,
digits_all,digits,knn_rbf,2.0,3,0.7,2.5605982275248382,0.0762583006681749,0.007201916999999725,71896,5392,0.6716750139120757,0.6545892355156482,0.7940140791648963,0.679465776293823,0.6137837499999996,0.0374547920000019,0.6584404590000013,45.164802217639156,
digits_all,digits,knn_rbf,2.0,4,0.7,2.5605982275248382,0.0762583006681749,0.007468458000001732,71896,5392,0.6722314969393434,0.6547079322278841,0.7953719791156165,0.679465776293823,0.6063635839999968,0.03760899999999978,0.6514410419999983,46.95000113537503,
digits_all,digits,knn_rbf,3.0,0,0.7,2.6531806963266265,0.07102910569287324,0.008205708999998507,102016,7902,0.7523650528658876,0.6634842226343162,0.8192467854332355,0.7690595436839176,0.12205300000000108,0.03922929199999814,0.16948800099999772,42.16702904404805,
digits_all,digits,knn_rbf,3.0,1,0.7,2.6531806963266265,0.07102910569287324,0.013645000000000351,102016,7902,0.7523650528658876,0.6634842226343162,0.8192467854332355,0.7690595436839176,0.1275325419999973,0.07597529200000253,0.21715283400000018,42.167029044048036,
digits_all,digits,knn_rbf,3.0,2,0.7,2.6531806963266265,0.07102910569287324,0.01450233399999945,102016,7902,0.7523650528658876,0.6634842226343162,0.8192467854332356,0.7690595436839176,0.14694395800000137,0.1300704589999988,0.29151675099999963,42.167029044048036,
digits_all,digits,knn_rbf,3.0,3,0.7,2.6531806963266265,0.07102910569287324,0.014774124999998861,102016,7902,0.7523650528658876,0.6634842226343162,0.8192467854332355,0.7690595436839176,0.16754545799999931,0.048472875000001636,0.2307924579999998,42.16702904404805,
digits_all,digits,knn_rbf,3.0,4,0.7,2.6531806963266265,0.07102910569287324,0.012122207999997414,102016,7902,0.7523650528658876,0.6634842226343162,0.8192467854332355,0.7690595436839176,0.17272291700000153,0.04874208300000049,0.23358720799999944,42.167029044048036,
digits_all,digits,knn_rbf,4.0,0,0.7,2.73093917677348,0.06704184366460315,0.010880000000000223,131152,10330,0.7562604340567612,0.6702865494819404,0.8255668270083002,0.7729549248747913,0.12863245899999853,0.059274832999999916,0.19878729199999867,54.016060297944456,
digits_all,digits,knn_rbf,4.0,1,0.7,2.73093917677348,0.06704184366460315,0.011440667000002236,131152,10330,0.7557039510294936,0.6694997040527627,0.8250359399579199,0.7723984418475236,0.11597137499999732,0.05285804200000044,0.180270084,54.01592872294722,
digits_all,digits,knn_rbf,4.0,2,0.7,2.73093917677348,0.06704184366460315,0.015270292000000296,131152,10330,0.8464106844741235,0.8030796657960579,0.8640759717223522,0.8619922092376182,0.11996995799999866,0.05282595799999967,0.18806620799999862,55.89779573087436,
digits_all,digits,knn_rbf,4.0,3,0.7,2.73093917677348,0.06704184366460315,0.011320250000000698,131152,10330,0.7557039510294936,0.6694997040527627,0.8250359399579197,0.7723984418475236,0.12020566700000046,0.07079645900000031,0.20232237600000147,54.01592872294722,
digits_all,digits,knn_rbf,4.0,4,0.7,2.73093917677348,0.06704184366460315,0.01560375000000036,131152,10330,0.7557039510294936,0.6694997040527627,0.8250359399579198,0.7723984418475236,0.13016100000000108,0.0848373329999994,0.23060208300000085,54.015928722947216,
digits_all,digits,knn_rbf,6.0,0,0.7,2.867845221386734,0.06079370155355132,0.013894624999998939,191248,15338,0.7690595436839176,0.6789548285790288,0.8304238683385957,0.7840845854201447,0.07320412500000018,0.10743866600000018,0.1945374159999993,62.46826453140264,
digits_all,digits,knn_rbf,6.0,1,0.7,2.867845221386734,0.06079370155355132,0.014301915999997306,191248,15338,0.7690595436839176,0.6789548285790288,0.8304238683385957,0.7840845854201447,0.06837287500000144,0.1165940840000026,0.19926887500000134,62.46826453140263,
digits_all,digits,knn_rbf,6.0,2,0.7,2.867845221386734,0.06079370155355132,0.012930209000000303,191248,15338,0.7696160267111853,0.6793751708773571,0.8312190766904152,0.7846410684474123,0.06318745900000167,0.0997707919999975,0.17588845999999947,62.46988738342341,
digits_all,digits,knn_rbf,6.0,3,0.7,2.867845221386734,0.06079370155355132,0.015246583000003255,191248,15338,0.7690595436839176,0.6789548285790288,0.8304238683385959,0.7840845854201447,0.0712889170000004,0.0988992919999987,0.18543479200000235,62.46826453140264,
digits_all,digits,knn_rbf,6.0,4,0.7,2.867845221386734,0.06079370155355132,0.013752834000001712,191248,15338,0.7690595436839176,0.6789548285790288,0.8304238683385956,0.7840845854201447,0.06123312500000111,0.1032968330000017,0.17828279200000452,62.46826453140265,
digits_all,digits,knn_rbf,8.0,0,0.7,2.9717447393572907,0.05661701900255785,0.015178541000000934,250288,20258,0.7518085698386199,0.662182639515963,0.8164585170907664,0.7673900946021146,0.0660055419999992,0.10370170900000275,0.18488579200000288,58.384718714691935,
digits_all,digits,knn_rbf,8.0,1,0.7,2.9717447393572907,0.05661701900255785,0.018782666999999975,250288,20258,0.7518085698386199,0.662182639515963,0.8164585170907664,0.7673900946021146,0.05635291700000167,0.11152025000000165,0.1866558340000033,58.38471871469194,
digits_all,digits,knn_rbf,8.0,2,0.7,2.9717447393572907,0.05661701900255785,0.017627999999998423,250288,20258,0.7518085698386199,0.662182639515963,0.8164585170907662,0.7673900946021146,0.05811674999999994,0.10285079200000169,0.17859554200000005,58.384718714691935,
digits_all,digits,knn_rbf,8.0,3,0.7,2.9717447393572907,0.05661701900255785,0.014987542000000076,250288,20258,0.7518085698386199,0.662182639515963,0.8164585170907663,0.7673900946021146,0.05848704099999935,0.11081162500000019,0.18428620799999962,58.384718714691935,
digits_all,digits,knn_rbf,8.0,4,0.7,2.9717447393572907,0.05661701900255785,0.015595124999997267,250288,20258,0.7518085698386199,0.662182639515963,0.8164585170907664,0.7673900946021146,0.0683985000000007,0.05791608299999851,0.14190970799999647,58.384718714691935,
digits_all,digits,knn_rbf,10.0,0,0.7,3.0546172388081265,0.05358662530417663,0.013134959000002056,310024,25236,0.7473567056204786,0.6534509368100642,0.8091600651455924,0.7629382303839732,0.06664187500000196,0.07704400000000078,0.1568208340000048,62.423543317757435,
digits_all,digits,knn_rbf,10.0,1,0.7,3.0546172388081265,0.05358662530417663,0.020950291999998427,310024,25236,0.7473567056204786,0.6534509368100642,0.8091600651455922,0.7629382303839732,0.06153633399999947,0.10396845800000065,0.18645508399999855,62.42354331775743,
digits_all,digits,knn_rbf,10.0,2,0.7,3.0546172388081265,0.05358662530417663,0.16393862500000012,310024,25236,0.7473567056204786,0.6534509368100642,0.8091600651455922,0.7629382303839732,0.07870916699999952,0.15834587499999841,0.40099366699999806,62.42354331775743,
digits_all,digits,knn_rbf,10.0,3,0.7,3.0546172388081265,0.05358662530417663,0.020600041999998098,310024,25236,0.7473567056204786,0.6534509368100642,0.8091600651455925,0.7629382303839732,0.07784949999999924,0.10821500000000128,0.20666454199999862,62.42354331775743,
digits_all,digits,knn_rbf,10.0,4,0.7,3.0546172388081265,0.05358662530417663,0.021475207999998247,310024,25236,0.7529215358931552,0.6591437888420879,0.8149214102381013,0.7679465776293823,0.07366033299999941,0.09195162500000009,0.18708716599999775,64.01908221832812,
digits_all,digits,knn_rbf,12.0,0,0.7,3.132086272031194,0.05096858447444782,0.01810945800000141,369088,30158,0.7122982749026154,0.624400776402378,0.787347356395049,0.7367835281023929,0.0732482499999989,0.1162509579999984,0.20760866599999872,61.05633426077132,
digits_all,digits,knn_rbf,12.0,1,0.7,3.132086272031194,0.05096858447444782,0.015107541000002556,369088,30158,0.7122982749026154,0.624400776402378,0.7873473563950492,0.7367835281023929,0.06217208400000018,0.0990098340000003,0.17628945900000303,61.05633426077132,
digits_all,digits,knn_rbf,12.0,2,0.7,3.132086272031194,0.05096858447444782,0.021725916999997708,369088,30158,0.7117417918753478,0.6235758993755375,0.7862103108877059,0.7362270450751253,0.06203862499999957,0.11138616599999906,0.19515070799999634,61.05805450618659,
digits_all,digits,knn_rbf,12.0,3,0.7,3.132086272031194,0.05096858447444782,0.01956454200000124,369088,30158,0.7122982749026154,0.624400776402378,0.787347356395049,0.7367835281023929,0.06324099999999788,0.12527825000000092,0.20808379200000005,61.05633426077134,
digits_all,digits,knn_rbf,12.0,4,0.7,3.132086272031194,0.05096858447444782,0.020212540999999362,369088,30158,0.7122982749026154,0.624400776402378,0.787347356395049,0.7367835281023929,0.06282345800000044,0.11758254200000096,0.20061854100000076,61.05633426077132,
digits_all,digits,knn_rbf,16.0,0,0.7,3.2492793096696224,0.04735827925707674,0.021834250000001276,487528,40028,0.8324986087924319,0.755988760937936,0.8253464386311253,0.8341680578742349,0.0617835410000005,0.11016341699999899,0.19378120800000076,83.25597355404423,
digits_all,digits,knn_rbf,16.0,1,0.7,3.2492793096696224,0.04735827925707674,0.022156624999997376,487528,40028,0.8324986087924319,0.755988760937936,0.8253464386311252,0.8341680578742349,0.05989433299999902,0.1122883750000021,0.1943393329999985,83.25597355404423,
digits_all,digits,knn_rbf,16.0,2,0.7,3.2492793096696224,0.04735827925707674,0.021637874999999696,487528,40028,0.8324986087924319,0.755988760937936,0.8253464386311252,0.8341680578742349,0.06266575000000074,0.10584420799999705,0.1901478329999975,83.25597355404423,
digits_all,digits,knn_rbf,16.0,3,0.7,3.2492793096696224,0.04735827925707674,0.019266707999999966,487528,40028,0.8324986087924319,0.755988760937936,0.8253464386311252,0.8341680578742349,0.05228479100000172,0.1212999580000016,0.19285145700000328,83.25597355404423,
digits_all,digits,knn_rbf,16.0,4,0.7,3.2492793096696224,0.04735827925707674,0.02416975000000221,487528,40028,0.8324986087924319,0.755988760937936,0.8253464386311253,0.8341680578742349,0.049722750000000815,0.12032341699999805,0.19421591700000107,83.25597355404423,
digits_all,digits,knn_rbf,24.0,0,0.7,3.4485969237737812,0.042042170719549944,0.02819308300000145,722464,59606,0.7824151363383417,0.7176687540412208,0.8008027160728447,0.8046744574290484,0.05210887499999828,0.11630991699999882,0.19661187499999855,90.30771658633242,
digits_all,digits,knn_rbf,24.0,1,0.7,3.4485969237737812,0.042042170719549944,0.026538708000000355,722464,59606,0.7813021702838063,0.7173435721124924,0.8009155429156382,0.803561491374513,0.05074033400000033,0.061168708000000294,0.13844775000000098,90.30042701895181,
digits_all,digits,knn_rbf,24.0,2,0.7,3.4485969237737812,0.042042170719549944,0.03086662500000159,722464,59606,0.7807456872565387,0.7171300444942708,0.7996265448206522,0.8030050083472454,0.04454791699999916,0.11636937500000144,0.1917839170000022,90.30961072001566,
digits_all,digits,knn_rbf,24.0,3,0.7,3.4485969237737812,0.042042170719549944,0.029136624999999583,722464,59606,0.780189204229271,0.7172630706545227,0.7993354656084644,0.8024485253199778,0.05516962500000133,0.20345895800000235,0.28776520800000327,90.31521273203906,
digits_all,digits,knn_rbf,24.0,4,0.7,3.4485969237737812,0.042042170719549944,0.022952042000000006,722464,59606,0.780189204229271,0.7174759925088112,0.7997061159124093,0.8024485253199778,0.04944841700000069,0.056548167000002536,0.12894862600000323,90.3113961733691,
digits_all,digits,knn_rbf,32.0,0,0.7,3.595271916560724,0.03868178614252919,0.02453529200000304,956416,79102,0.775180856983862,0.7119811022464907,0.7978658062258904,0.7974401780745687,0.048300707999999304,0.062277125000001377,0.13511312500000372,99.06763944137705,
digits_all,digits,knn_rbf,32.0,1,0.7,3.595271916560724,0.03868178614252919,0.024088708000000736,956416,79102,0.775180856983862,0.7119811022464907,0.7978658062258904,0.7974401780745687,0.043519041999999786,0.06869854199999992,0.13630629200000044,99.06763944137705,
digits_all,digits,knn_rbf,32.0,2,0.7,3.595271916560724,0.03868178614252919,0.03236829200000102,956416,79102,0.775180856983862,0.7119811022464907,0.7978658062258903,0.7974401780745687,0.042271833999997455,0.11821033300000039,0.19285045899999886,99.06763944137704,
digits_all,digits,knn_rbf,32.0,3,0.7,3.595271916560724,0.03868178614252919,0.02925270800000135,956416,79102,0.775180856983862,0.7119811022464907,0.7978658062258903,0.7974401780745687,0.04454545800000176,0.11488416600000306,0.18868233200000617,99.06763944137704,
digits_all,digits,knn_rbf,32.0,4,0.7,3.595271916560724,0.03868178614252919,0.03566504100000145,956416,79102,0.775180856983862,0.7119811022464907,0.7978658062258904,0.7974401780745687,0.05205125000000521,0.11675937500000089,0.20447566600000755,99.06763944137705,
digits_all,digits,knn_rbf,48.0,0,0.7,3.822590321271219,0.034217989811250675,0.03854420799999758,1414024,117236,0.766833611574847,0.6903967611422388,0.7802750040286265,0.7902058987200891,0.0476420829999995,0.09995574999999945,0.18614204099999654,110.5872846885834,
digits_all,digits,knn_rbf,48.0,1,0.7,3.822590321271219,0.034217989811250675,0.03878762499999766,1414024,117236,0.770172509738453,0.6973369905905091,0.7838000892333442,0.7935447968836951,0.04758729200000289,0.1402797499999977,0.22665466699999826,110.56054079724952,
digits_all,digits,knn_rbf,48.0,2,0.7,3.822590321271219,0.034217989811250675,0.03240762499999761,1414024,117236,0.770172509738453,0.6973369905905091,0.7838000892333442,0.7935447968836951,0.04476879100000275,0.12850062500000092,0.20567704100000128,110.56054079724952,
digits_all,digits,knn_rbf,48.0,3,0.7,3.822590321271219,0.034217989811250675,0.037505791999997484,1414024,117236,0.7690595436839176,0.6969284896650401,0.7836195241995921,0.7924318308291597,0.04944141700000415,0.15145187499999935,0.23839908400000098,110.56361022313055,
digits_all,digits,knn_rbf,48.0,4,0.7,3.822590321271219,0.034217989811250675,0.036281333000005134,1414024,117236,0.7679465776293823,0.6927598769189868,0.7812111801414241,0.7913188647746243,0.04843570799999952,0.12036112499999518,0.20507816599999984,110.57893764363139,
two_moons,synthetic,dense_rbf_reference,,0,0.7,0.8079807862786698,0.7658927130402284,0.0056399169999963306,2000000,249500,0.764,0.2773366109520323,0.21187988589453186,0.764,0.06640212500000331,0.027666666999998313,0.09970870899999795,46.35065738015795,
two_moons,synthetic,dense_rbf_reference,,1,0.7,0.8079807862786698,0.7658927130402284,0.00813929200000274,2000000,249500,0.764,0.2773366109520323,0.21187988589453186,0.764,0.0686981250000045,0.0931451249999995,0.16998254200000673,46.35065738015795,
two_moons,synthetic,dense_rbf_reference,,2,0.7,0.8079807862786698,0.7658927130402284,0.006568207999997355,2000000,249500,0.764,0.2773366109520323,0.21187988589453186,0.764,0.06717266700000124,0.11264975000000277,0.18639062500000136,46.35065738015795,
two_moons,synthetic,dense_rbf_reference,,3,0.7,0.8079807862786698,0.7658927130402284,0.005600125000000844,2000000,249500,0.764,0.2773366109520323,0.21187988589453186,0.764,0.06616587500000293,0.09944266600000162,0.1712086660000054,46.35065738015795,
two_moons,synthetic,dense_rbf_reference,,4,0.7,0.8079807862786698,0.7658927130402284,0.009158207999995227,2000000,249500,0.764,0.2773366109520323,0.21187988589453186,0.764,0.07243233399999838,0.08263562500000177,0.16422616699999537,46.35065738015795,
two_moons,synthetic,knn_rbf,2.0,0,0.7,0.02721744769728221,674.9556082652889,0.002477792000000534,18276,1356,,,,,,,,,"ARPACK error -1: No convergence (5001 iterations, 0/2 eigenvectors converged)"
two_moons,synthetic,knn_rbf,2.0,1,0.7,0.02721744769728221,674.9556082652889,0.0019040000000032364,18276,1356,,,,,,,,,"ARPACK error -1: No convergence (5001 iterations, 0/2 eigenvectors converged)"
two_moons,synthetic,knn_rbf,2.0,2,0.7,0.02721744769728221,674.9556082652889,0.0019344999999972856,18276,1356,,,,,,,,,"ARPACK error -1: No convergence (5001 iterations, 0/2 eigenvectors converged)"
two_moons,synthetic,knn_rbf,2.0,3,0.7,0.02721744769728221,674.9556082652889,0.0018878750000013156,18276,1356,,,,,,,,,"ARPACK error -1: No convergence (5001 iterations, 0/2 eigenvectors converged)"
two_moons,synthetic,knn_rbf,2.0,4,0.7,0.02721744769728221,674.9556082652889,0.0018777920000019321,18276,1356,,,,,,,,,"ARPACK error -1: No convergence (5001 iterations, 0/2 eigenvectors converged)"
two_moons,synthetic,knn_rbf,3.0,0,0.7,0.03136712402033919,508.1835493850267,0.0013834589999959235,25452,1954,0.74,0.22893795510743833,0.18963977351842243,0.74,1.1053058339999993,0.006506207999997571,1.1131955009999928,4.759843892795577,
two_moons,synthetic,knn_rbf,3.0,1,0.7,0.03136712402033919,508.1835493850267,0.0014752500000057012,25452,1954,0.74,0.22893795510743833,0.18963977351842243,0.74,1.1426476669999985,0.007109417000002338,1.1512323340000066,4.759843892795577,
two_moons,synthetic,knn_rbf,3.0,2,0.7,0.03136712402033919,508.1835493850267,0.0015519580000002975,25452,1954,0.74,0.22893795510743833,0.18963977351842243,0.74,1.1045217090000037,0.00663662499999873,1.1127102920000027,4.759843892795577,
two_moons,synthetic,knn_rbf,3.0,3,0.7,0.03136712402033919,508.1835493850267,0.0013843750000006594,25452,1954,0.74,0.22893795510743833,0.18963977351842243,0.74,1.1386145000000027,0.0071624999999997385,1.1471613750000031,4.759843892795577,
two_moons,synthetic,knn_rbf,3.0,4,0.7,0.03136712402033919,508.1835493850267,0.0014010410000011575,25452,1954,0.74,0.22893795510743833,0.18963977351842243,0.74,1.1034758329999974,0.00689837499999868,1.1117752489999972,4.759843892795577,
two_moons,synthetic,knn_rbf,4.0,0,0.7,0.035876083556053984,388.4722050016006,0.003244332999997823,32844,2570,1.0,1.0,1.0,1.0,0.4778372920000038,0.008752624999999625,0.48983425000000125,9.863851320406253e-24,
two_moons,synthetic,knn_rbf,4.0,1,0.7,0.035876083556053984,388.4722050016006,0.0015180420000007189,32844,2570,1.0,1.0,1.0,1.0,0.45805958399999724,0.008508833999997023,0.468086459999995,9.863851320406253e-24,
two_moons,synthetic,knn_rbf,4.0,2,0.7,0.035876083556053984,388.4722050016006,0.00143091700000042,32844,2570,1.0,1.0,1.0,1.0,0.4656172500000011,0.007239416000004439,0.47428758300000595,9.863851320406253e-24,
two_moons,synthetic,knn_rbf,4.0,3,0.7,0.035876083556053984,388.4722050016006,0.001422458000000404,32844,2570,1.0,1.0,1.0,1.0,0.4854642499999997,0.007721667000005539,0.49460837500000565,9.863851320406253e-24,
two_moons,synthetic,knn_rbf,4.0,4,0.7,0.035876083556053984,388.4722050016006,0.0015575830000003066,32844,2570,1.0,1.0,1.0,1.0,0.46606470799999755,0.007759333000002755,0.4753816240000006,9.863851320406253e-24,
two_moons,synthetic,knn_rbf,6.0,0,0.7,0.043347016147560806,266.1041142104489,0.0013477080000043884,47004,3750,1.0,1.0,1.0,1.0,0.2305818749999986,0.007798790999999028,0.23972837400000202,1.2225739438540657e-24,
two_moons,synthetic,knn_rbf,6.0,1,0.7,0.043347016147560806,266.1041142104489,0.0019133750000008831,47004,3750,1.0,1.0,1.0,1.0,0.2814405000000022,0.008228291999998305,0.2915821670000014,1.2225739438540657e-24,
two_moons,synthetic,knn_rbf,6.0,2,0.7,0.043347016147560806,266.1041142104489,0.0014748339999997029,47004,3750,1.0,1.0,1.0,1.0,0.2790188330000021,0.00819129100000282,0.2886849580000046,1.2225739438540657e-24,
two_moons,synthetic,knn_rbf,6.0,3,0.7,0.043347016147560806,266.1041142104489,0.001655667000001415,47004,3750,1.0,1.0,1.0,1.0,0.26724533400000183,0.006443750000002524,0.27534475100000577,1.2225739438540657e-24,
two_moons,synthetic,knn_rbf,6.0,4,0.7,0.043347016147560806,266.1041142104489,0.0014349169999974265,47004,3750,1.0,1.0,1.0,1.0,0.2854427500000014,0.008739708000000235,0.29561737499999907,1.2225739438540657e-24,
two_moons,synthetic,knn_rbf,8.0,0,0.7,0.04977762937138126,201.79090348343126,0.001516041999998663,60972,4914,1.0,1.0,1.0,1.0,0.18960004200000213,0.011714916999999048,0.20283100099999984,5.551159130014266e-24,
two_moons,synthetic,knn_rbf,8.0,1,0.7,0.04977762937138126,201.79090348343126,0.002267082999999559,60972,4914,1.0,1.0,1.0,1.0,0.17381087500000092,0.010902874999999312,0.1869808329999998,5.551159130014266e-24,
two_moons,synthetic,knn_rbf,8.0,2,0.7,0.04977762937138126,201.79090348343126,0.002181124999999895,60972,4914,1.0,1.0,1.0,1.0,0.17757587500000227,0.009715999999997393,0.18947299999999956,5.551159130014266e-24,
two_moons,synthetic,knn_rbf,8.0,3,0.7,0.04977762937138126,201.79090348343126,0.0020689580000023966,60972,4914,1.0,1.0,1.0,1.0,0.16923316700000157,0.00905041700000453,0.1803525420000085,5.551159130014266e-24,
two_moons,synthetic,knn_rbf,8.0,4,0.7,0.04977762937138126,201.79090348343126,0.0022121250000068926,60972,4914,1.0,1.0,1.0,1.0,0.17249083299999768,0.012083000000004063,0.18678595800000863,5.551159130014266e-24,
two_moons,synthetic,knn_rbf,10.0,0,0.7,0.05582280214394277,160.45259239084137,0.0021408329999985654,75060,6088,1.0,1.0,1.0,1.0,0.10022008300000351,0.010138417000000288,0.11249933300000237,9.684906730339337e-07,
two_moons,synthetic,knn_rbf,10.0,1,0.7,0.05582280214394277,160.45259239084137,0.002287666999997384,75060,6088,1.0,1.0,1.0,1.0,0.09604770900000403,0.010521457999999484,0.1088568340000009,9.684906730339337e-07,
two_moons,synthetic,knn_rbf,10.0,2,0.7,0.05582280214394277,160.45259239084137,0.0022965839999997684,75060,6088,1.0,1.0,1.0,1.0,0.09623304199999438,0.007252000000001146,0.1057816259999953,9.684906730339337e-07,
two_moons,synthetic,knn_rbf,10.0,3,0.7,0.05582280214394277,160.45259239084137,0.002097792000000709,75060,6088,1.0,1.0,1.0,1.0,0.08538704099999705,0.007887625000002174,0.09537245799999994,9.684906730339337e-07,
two_moons,synthetic,knn_rbf,10.0,4,0.7,0.05582280214394277,160.45259239084137,0.0022973330000013448,75060,6088,1.0,1.0,1.0,1.0,0.09297775000000286,0.008048583000004328,0.10332366600000853,9.684906730339337e-07,
two_moons,synthetic,knn_rbf,12.0,0,0.7,0.061654845847189305,131.53325629978647,0.002261292000000026,88812,7234,1.0,1.0,1.0,1.0,0.06636662499999346,0.007842541999998787,0.07647045899999227,3.148830503858907e-05,
two_moons,synthetic,knn_rbf,12.0,1,0.7,0.061654845847189305,131.53325629978647,0.002507666999996161,88812,7234,1.0,1.0,1.0,1.0,0.06174645899999831,0.007315249999997775,0.07156937599999225,3.148830503858907e-05,
two_moons,synthetic,knn_rbf,12.0,2,0.7,0.061654845847189305,131.53325629978647,0.002239916999997149,88812,7234,1.0,1.0,1.0,1.0,0.0631903750000049,0.007775791999996784,0.07320608399999884,3.148830503858907e-05,
two_moons,synthetic,knn_rbf,12.0,3,0.7,0.061654845847189305,131.53325629978647,0.0022787079999986304,88812,7234,1.0,1.0,1.0,1.0,0.06701745800000225,0.007407041999996977,0.07670320799999786,3.148830503858907e-05,
two_moons,synthetic,knn_rbf,12.0,4,0.7,0.061654845847189305,131.53325629978647,0.002524624999999503,88812,7234,1.0,1.0,1.0,1.0,0.06282329199999737,0.007625375000003487,0.07297329200000036,3.148830503858907e-05,
two_moons,synthetic,knn_rbf,16.0,0,0.7,0.07175685176584992,97.105370939606,0.0024435420000017416,115116,9426,1.0,1.0,1.0,1.0,0.042661749999993503,0.0071642079999989505,0.052269499999994196,0.0016905964711135593,
two_moons,synthetic,knn_rbf,16.0,1,0.7,0.07175685176584992,97.105370939606,0.0024687499999984652,115116,9426,1.0,1.0,1.0,1.0,0.042429416000004494,0.008652791999999465,0.053550958000002424,0.0016905964711135593,
two_moons,synthetic,knn_rbf,16.0,2,0.7,0.07175685176584992,97.105370939606,0.003061209000001952,115116,9426,1.0,1.0,1.0,1.0,0.042325083000001484,0.007104083000001538,0.052490375000004974,0.0016905964711135593,
two_moons,synthetic,knn_rbf,16.0,3,0.7,0.07175685176584992,97.105370939606,0.0026658339999983127,115116,9426,1.0,1.0,1.0,1.0,0.042309958000004144,0.007494125000000906,0.05246991700000336,0.0016905964711135593,
two_moons,synthetic,knn_rbf,16.0,4,0.7,0.07175685176584992,97.105370939606,0.0025362089999987347,115116,9426,1.0,1.0,1.0,1.0,0.04229929099999907,0.00769520800000123,0.05253070799999904,0.0016905964711135593,
two_moons,synthetic,knn_rbf,24.0,0,0.7,0.09079379137110515,60.653756135375495,0.0029035829999983775,165060,13588,1.0,1.0,1.0,1.0,0.02293625000000077,0.00749550000000454,0.033335333000003686,0.06608217622313105,
two_moons,synthetic,knn_rbf,24.0,1,0.7,0.09079379137110515,60.653756135375495,0.003081833999999617,165060,13588,1.0,1.0,1.0,1.0,0.022815292000004206,0.007362624999998957,0.03325975100000278,0.06608217622313105,
two_moons,synthetic,knn_rbf,24.0,2,0.7,0.09079379137110515,60.653756135375495,0.003115166000000613,165060,13588,1.0,1.0,1.0,1.0,0.021736916999998357,0.007323458999998422,0.03217554199999739,0.06608217622313105,
two_moons,synthetic,knn_rbf,24.0,3,0.7,0.09079379137110515,60.653756135375495,0.0030916249999961565,165060,13588,1.0,1.0,1.0,1.0,0.022013499999999908,0.006496124999998187,0.03160124999999425,0.06608217622313105,
two_moons,synthetic,knn_rbf,24.0,4,0.7,0.09079379137110515,60.653756135375495,0.003112999999999033,165060,13588,1.0,1.0,1.0,1.0,0.023093708000004654,0.0076138750000041,0.03382058300000779,0.06608217622313105,
two_moons,synthetic,knn_rbf,32.0,0,0.7,0.10848819219939548,42.482010271877265,0.003586832999999956,213252,17604,1.0,1.0,1.0,1.0,0.01676354199999963,0.007024749999999358,0.027375124999998945,0.32983086346738133,
two_moons,synthetic,knn_rbf,32.0,1,0.7,0.10848819219939548,42.482010271877265,0.003503874999999823,213252,17604,1.0,1.0,1.0,1.0,0.01925874999999877,0.007195541000001526,0.02995816600000012,0.32983086346738133,
two_moons,synthetic,knn_rbf,32.0,2,0.7,0.10848819219939548,42.482010271877265,0.0036142909999981043,213252,17604,1.0,1.0,1.0,1.0,0.01639354200000298,0.007531082999996386,0.02753891599999747,0.32983086346738133,
two_moons,synthetic,knn_rbf,32.0,3,0.7,0.10848819219939548,42.482010271877265,0.0036487919999999008,213252,17604,1.0,1.0,1.0,1.0,0.018763333999999077,0.007226792000004423,0.0296389180000034,0.32983086346738133,
two_moons,synthetic,knn_rbf,32.0,4,0.7,0.10848819219939548,42.482010271877265,0.0035007920000040826,213252,17604,1.0,1.0,1.0,1.0,0.02005320800000021,0.00777654099999836,0.031330541000002654,0.32983086346738133,
two_moons,synthetic,knn_rbf,48.0,0,0.7,0.14126926235690687,25.053860178720353,0.00497562500000015,314724,26060,1.0,1.0,1.0,1.0,0.011329207999999369,0.007604292000003454,0.023909125000002973,2.768189660186404,
two_moons,synthetic,knn_rbf,48.0,1,0.7,0.14126926235690687,25.053860178720353,0.0038159579999970106,314724,26060,1.0,1.0,1.0,1.0,0.009959375000001103,0.0076022080000015535,0.021377540999999667,2.768189660186404,
two_moons,synthetic,knn_rbf,48.0,2,0.7,0.14126926235690687,25.053860178720353,0.004583250000003147,314724,26060,1.0,1.0,1.0,1.0,0.011578499999998826,0.006986458999996614,0.023148208999998587,2.768189660186404,
two_moons,synthetic,knn_rbf,48.0,3,0.7,0.14126926235690687,25.053860178720353,0.004616124999998306,314724,26060,1.0,1.0,1.0,1.0,0.01141583300000093,0.007671166999998036,0.02370312499999727,2.768189660186404,
two_moons,synthetic,knn_rbf,48.0,4,0.7,0.14126926235690687,25.053860178720353,0.004683208000002992,314724,26060,1.0,1.0,1.0,1.0,0.011358792000002893,0.006507165999998676,0.02254916600000456,2.768189660186404,
circles,synthetic,dense_rbf_reference,,0,0.7,0.6605691203127904,1.1458650380298248,0.007455583999998794,2000000,249500,0.508,-0.0017513893331547845,0.00018468893066122505,0.508,0.061087791999995034,0.028691083000005335,0.09723445899999916,45.61084047815922,
circles,synthetic,dense_rbf_reference,,1,0.7,0.6605691203127904,1.1458650380298248,0.0073312920000034865,2000000,249500,0.508,-0.0017513893331547845,0.00018468893066122505,0.508,0.04972679199999419,0.022251457999999502,0.07930954199999718,45.61084047815922,
circles,synthetic,dense_rbf_reference,,2,0.7,0.6605691203127904,1.1458650380298248,0.00641416699999553,2000000,249500,0.508,-0.0017513893331547845,0.00018468893066122505,0.508,0.04064999999999941,0.09767795900000209,0.14474212599999703,45.61084047815922,
circles,synthetic,dense_rbf_reference,,3,0.7,0.6605691203127904,1.1458650380298248,0.0064618339999995555,2000000,249500,0.508,-0.0017513893331547845,0.00018468893066122505,0.508,0.0947035829999976,0.025043416999999124,0.12620883399999627,45.61084047815922,
circles,synthetic,dense_rbf_reference,,4,0.7,0.6605691203127904,1.1458650380298248,0.007434416999998916,2000000,249500,0.508,-0.0017513893331547845,0.00018468893066122505,0.508,0.04923675000000571,0.028807125000000156,0.08547829200000479,45.61084047815922,
circles,synthetic,knn_rbf,2.0,0,0.7,0.02619587179816904,728.6253746915653,0.0013143329999962816,17772,1314,,,,,,,,,"ARPACK error -1: No convergence (5001 iterations, 0/2 eigenvectors converged)"
circles,synthetic,knn_rbf,2.0,1,0.7,0.02619587179816904,728.6253746915653,0.00162316700000531,17772,1314,,,,,,,,,"ARPACK error -1: No convergence (5001 iterations, 0/2 eigenvectors converged)"
circles,synthetic,knn_rbf,2.0,2,0.7,0.02619587179816904,728.6253746915653,0.0016891659999984654,17772,1314,,,,,,,,,"ARPACK error -1: No convergence (5001 iterations, 0/2 eigenvectors converged)"
circles,synthetic,knn_rbf,2.0,3,0.7,0.02619587179816904,728.6253746915653,0.001588625000003674,17772,1314,,,,,,,,,"ARPACK error -1: No convergence (5001 iterations, 0/2 eigenvectors converged)"
circles,synthetic,knn_rbf,2.0,4,0.7,0.02619587179816904,728.6253746915653,0.001864833999988491,17772,1314,,,,,,,,,"ARPACK error -1: No convergence (5001 iterations, 0/2 eigenvectors converged)"
circles,synthetic,knn_rbf,3.0,0,0.7,0.031512566329464684,503.5034593076307,0.0012865829999952894,24972,1914,,,,,,,,,"ARPACK error -1: No convergence (5001 iterations, 0/2 eigenvectors converged)"
circles,synthetic,knn_rbf,3.0,1,0.7,0.031512566329464684,503.5034593076307,0.0019312500000125965,24972,1914,,,,,,,,,"ARPACK error -1: No convergence (5001 iterations, 0/2 eigenvectors converged)"
circles,synthetic,knn_rbf,3.0,2,0.7,0.031512566329464684,503.5034593076307,0.0018824169999902551,24972,1914,,,,,,,,,"ARPACK error -1: No convergence (5001 iterations, 0/2 eigenvectors converged)"
circles,synthetic,knn_rbf,3.0,3,0.7,0.031512566329464684,503.5034593076307,0.0019387079999972912,24972,1914,,,,,,,,,"ARPACK error -1: No convergence (5001 iterations, 0/2 eigenvectors converged)"
circles,synthetic,knn_rbf,3.0,4,0.7,0.031512566329464684,503.5034593076307,0.002027291999993963,24972,1914,,,,,,,,,"ARPACK error -1: No convergence (5001 iterations, 0/2 eigenvectors converged)"
circles,synthetic,knn_rbf,4.0,0,0.7,0.035262702049054885,402.1044034876652,0.0013720419999998512,32148,2512,1.0,1.0,1.0,1.0,0.9083219160000056,0.011694125000005329,0.9213880830000107,5.619804482179392e-23,
circles,synthetic,knn_rbf,4.0,1,0.7,0.035262702049054885,402.1044034876652,0.0037954999999953998,32148,2512,1.0,1.0,1.0,1.0,0.9995334590000056,0.008755707999995366,1.0120846669999963,5.619804482179392e-23,
circles,synthetic,knn_rbf,4.0,2,0.7,0.035262702049054885,402.1044034876652,0.001504874999994854,32148,2512,1.0,1.0,1.0,1.0,0.8627430840000017,0.00712533300000473,0.8713732920000012,5.619804482179392e-23,
circles,synthetic,knn_rbf,4.0,3,0.7,0.035262702049054885,402.1044034876652,0.0014532909999900312,32148,2512,1.0,1.0,1.0,1.0,0.9075811670000036,0.009922333999995203,0.9189567919999888,5.619804482179392e-23,
circles,synthetic,knn_rbf,4.0,4,0.7,0.035262702049054885,402.1044034876652,0.0019097090000030903,32148,2512,1.0,1.0,1.0,1.0,0.880598667000001,0.006798833999994258,0.8893072099999983,5.619804482179392e-23,
circles,synthetic,knn_rbf,6.0,0,0.7,0.04264405050254769,274.94960894170504,0.0014882499999941956,45612,3634,1.0,1.0,1.0,1.0,0.17781754099999603,0.005871499999997809,0.18517729099998803,6.786110387752911e-24,
circles,synthetic,knn_rbf,6.0,1,0.7,0.04264405050254769,274.94960894170504,0.0015438340000031303,45612,3634,1.0,1.0,1.0,1.0,0.17570783300000414,0.005981290999997668,0.18323295800000494,6.786110387752911e-24,
circles,synthetic,knn_rbf,6.0,2,0.7,0.04264405050254769,274.94960894170504,0.0014426669999920705,45612,3634,1.0,1.0,1.0,1.0,0.19432199999999966,0.007537167000009504,0.20330183400000124,6.786110387752911e-24,
circles,synthetic,knn_rbf,6.0,3,0.7,0.04264405050254769,274.94960894170504,0.0016622499999954243,45612,3634,1.0,1.0,1.0,1.0,0.22330558299999836,0.006687958000000549,0.23165579099999434,6.786110387752911e-24,
circles,synthetic,knn_rbf,6.0,4,0.7,0.04264405050254769,274.94960894170504,0.0015415839999946002,45612,3634,1.0,1.0,1.0,1.0,0.22721858299999553,0.0060931670000030635,0.2348533339999932,6.786110387752911e-24,
circles,synthetic,knn_rbf,8.0,0,0.7,0.04962454201935402,203.0378382785335,0.0014108339999978625,59124,4760,1.0,1.0,1.0,1.0,0.12250512500000355,0.010475499999998306,0.1343914589999997,1.18915881896289e-24,
circles,synthetic,knn_rbf,8.0,1,0.7,0.04962454201935402,203.0378382785335,0.0026351670000082095,59124,4760,1.0,1.0,1.0,1.0,0.13111766600000863,0.007335707999999386,0.14108854100001622,1.18915881896289e-24,
circles,synthetic,knn_rbf,8.0,2,0.7,0.04962454201935402,203.0378382785335,0.002067083000000025,59124,4760,1.0,1.0,1.0,1.0,0.13333579100000748,0.009454540999996652,0.14485741500000415,1.18915881896289e-24,
circles,synthetic,knn_rbf,8.0,3,0.7,0.04962454201935402,203.0378382785335,0.0027790420000002314,59124,4760,1.0,1.0,1.0,1.0,0.1350738339999964,0.007098499999997898,0.14495137599999453,1.18915881896289e-24,
circles,synthetic,knn_rbf,8.0,4,0.7,0.04962454201935402,203.0378382785335,0.0021769999999889933,59124,4760,1.0,1.0,1.0,1.0,0.12970674999999687,0.007390333000003579,0.13927408299998945,1.18915881896289e-24,
circles,synthetic,knn_rbf,10.0,0,0.7,0.055766802898888586,160.77499693660292,0.0020607499999982792,71868,5822,1.0,1.0,1.0,1.0,0.11602287499999875,0.007533917000003498,0.12561754200000053,3.2021107831441757e-25,
circles,synthetic,knn_rbf,10.0,1,0.7,0.055766802898888586,160.77499693660292,0.0024386669999927335,71868,5822,1.0,1.0,1.0,1.0,0.1108472080000098,0.007734708000000978,0.12102058300000351,3.2021107831441757e-25,
circles,synthetic,knn_rbf,10.0,2,0.7,0.055766802898888586,160.77499693660292,0.0022212089999982254,71868,5822,1.0,1.0,1.0,1.0,0.11378454200000476,0.008171916000009105,0.12417766700001209,3.2021107831441757e-25,
circles,synthetic,knn_rbf,10.0,3,0.7,0.055766802898888586,160.77499693660292,0.0023257090000043945,71868,5822,1.0,1.0,1.0,1.0,0.1344981660000002,0.01018487500000731,0.1470087500000119,3.2021107831441757e-25,
circles,synthetic,knn_rbf,10.0,4,0.7,0.055766802898888586,160.77499693660292,0.0029530839999978298,71868,5822,1.0,1.0,1.0,1.0,0.12131641700000273,0.007661124999998492,0.13193062599999905,3.2021107831441757e-25,
circles,synthetic,knn_rbf,12.0,0,0.7,0.06136152531249242,132.79377315758822,0.0022140420000056338,83964,6830,1.0,1.0,1.0,1.0,0.09804600000001074,0.007693458999995073,0.10795350100001144,6.379198775115224e-25,
circles,synthetic,knn_rbf,12.0,1,0.7,0.06136152531249242,132.79377315758822,0.0026641660000024103,83964,6830,1.0,1.0,1.0,1.0,0.09119720900000061,0.00787441699999647,0.10173579199999949,6.379198775115224e-25,
circles,synthetic,knn_rbf,12.0,2,0.7,0.06136152531249242,132.79377315758822,0.0024021249999890415,83964,6830,1.0,1.0,1.0,1.0,0.08837970799999084,0.006634542000000465,0.09741637499998035,6.379198775115224e-25,
circles,synthetic,knn_rbf,12.0,3,0.7,0.06136152531249242,132.79377315758822,0.0019631670000137547,83964,6830,1.0,1.0,1.0,1.0,0.08764608299999566,0.007500500000006127,0.09710975000001554,6.379198775115224e-25,
circles,synthetic,knn_rbf,12.0,4,0.7,0.06136152531249242,132.79377315758822,0.0022540420000041195,83964,6830,1.0,1.0,1.0,1.0,0.0890145409999974,0.007655959000004486,0.098924542000006,6.379198775115224e-25,
circles,synthetic,knn_rbf,16.0,0,0.7,0.07185556269342695,96.83875894806143,0.002478541999991535,108276,8856,1.0,1.0,1.0,1.0,0.060425499999993804,0.009989833999995312,0.07289387599998065,1.7878854489493808e-26,
circles,synthetic,knn_rbf,16.0,1,0.7,0.07185556269342695,96.83875894806143,0.003118834000005677,108276,8856,1.0,1.0,1.0,1.0,0.0615060829999976,0.012723790999999096,0.07734870800000238,1.7878854489493808e-26,
circles,synthetic,knn_rbf,16.0,2,0.7,0.07185556269342695,96.83875894806143,0.0027886249999937718,108276,8856,1.0,1.0,1.0,1.0,0.054856583000002956,0.009712125000007177,0.0673573330000039,1.7878854489493808e-26,
circles,synthetic,knn_rbf,16.0,3,0.7,0.07185556269342695,96.83875894806143,0.0024182080000088035,108276,8856,1.0,1.0,1.0,1.0,0.05346745800000008,0.0141626670000079,0.07004833300001678,1.7878854489493808e-26,
circles,synthetic,knn_rbf,16.0,4,0.7,0.07185556269342695,96.83875894806143,0.0024568750000071304,108276,8856,1.0,1.0,1.0,1.0,0.0558339579999938,0.015857374999995955,0.07414820799999688,1.7878854489493808e-26,
circles,synthetic,knn_rbf,24.0,0,0.7,0.09348984552455715,57.2059391701498,0.003106375000001549,156300,12858,1.0,1.0,1.0,1.0,0.02141179199999499,0.010302375000009079,0.034820542000005617,0.0012507877651132258,
circles,synthetic,knn_rbf,24.0,1,0.7,0.09348984552455715,57.2059391701498,0.0030170410000067704,156300,12858,1.0,1.0,1.0,1.0,0.02169825000000003,0.01631516599999827,0.04103045700000507,0.0012507877651132258,
circles,synthetic,knn_rbf,24.0,2,0.7,0.09348984552455715,57.2059391701498,0.0034054169999961914,156300,12858,1.0,1.0,1.0,1.0,0.019768333000001803,0.0165130419999997,0.039686791999997695,0.0012507877651132258,
circles,synthetic,knn_rbf,24.0,3,0.7,0.09348984552455715,57.2059391701498,0.003125208000000157,156300,12858,1.0,1.0,1.0,1.0,0.022771665999997026,0.010597791999998663,0.036494665999995846,0.0012507877651132258,
circles,synthetic,knn_rbf,24.0,4,0.7,0.09348984552455715,57.2059391701498,0.0032998329999998077,156300,12858,1.0,1.0,1.0,1.0,0.0196897919999941,0.009286375000002067,0.032275999999995975,0.0012507877651132258,
circles,synthetic,knn_rbf,32.0,0,0.7,0.11226540187124578,39.67145542338607,0.003995167000013566,205500,16958,1.0,1.0,1.0,1.0,0.016198625000001243,0.008565750000002481,0.02875954200001729,0.008372238020092996,
circles,synthetic,knn_rbf,32.0,1,0.7,0.11226540187124578,39.67145542338607,0.0037945840000048747,205500,16958,1.0,1.0,1.0,1.0,0.0171799999999962,0.008526375000002417,0.02950095900000349,0.008372238020092996,
circles,synthetic,knn_rbf,32.0,2,0.7,0.11226540187124578,39.67145542338607,0.0038590839999983473,205500,16958,1.0,1.0,1.0,1.0,0.01862970799999175,0.007293833000005634,0.029782624999995733,0.008372238020092996,
circles,synthetic,knn_rbf,32.0,3,0.7,0.11226540187124578,39.67145542338607,0.003914417000004278,205500,16958,1.0,1.0,1.0,1.0,0.016156333999987282,0.0072369159999965404,0.0273076669999881,0.008372238020092996,
circles,synthetic,knn_rbf,32.0,4,0.7,0.11226540187124578,39.67145542338607,0.0037850829999968028,205500,16958,1.0,1.0,1.0,1.0,0.016104874999996355,0.006912291999995546,0.026802249999988703,0.008372238020092996,
circles,synthetic,knn_rbf,48.0,0,0.7,0.14999462598127122,22.223814609642474,0.005258542000007083,325356,26946,1.0,1.0,1.0,1.0,0.012212458000007587,0.006624541000007866,0.024095541000022536,0.5579518064072561,
circles,synthetic,knn_rbf,48.0,1,0.7,0.14999462598127122,22.223814609642474,0.004362416999995844,325356,26946,1.0,1.0,1.0,1.0,0.01321833300001174,0.007761708000003864,0.025342458000011447,0.5579518064072561,
circles,synthetic,knn_rbf,48.0,2,0.7,0.14999462598127122,22.223814609642474,0.005151791999992383,325356,26946,1.0,1.0,1.0,1.0,0.013767916999995577,0.007952166000009697,0.026871874999997658,0.5579518064072561,
circles,synthetic,knn_rbf,48.0,3,0.7,0.14999462598127122,22.223814609642474,0.005057792000002337,325356,26946,1.0,1.0,1.0,1.0,0.013734166999995523,0.007013374999999655,0.025805333999997515,0.5579518064072561,
circles,synthetic,knn_rbf,48.0,4,0.7,0.14999462598127122,22.223814609642474,0.004449207999996929,325356,26946,1.0,1.0,1.0,1.0,0.011296875000013529,0.007379499999998984,0.023125583000009442,0.5579518064072561,
blobs,synthetic,dense_rbf_reference,,0,0.7,3.7679203206072467,0.035218153641461296,0.01161137500000109,2880000,359400,0.9983333333333333,0.9949958125176231,0.990445010867515,0.9983333333333333,0.08877466599999195,0.06479370799999629,0.16517974899998933,20.31786869612622,
blobs,synthetic,dense_rbf_reference,,1,0.7,3.7679203206072467,0.035218153641461296,0.009068958000000293,2880000,359400,0.9983333333333333,0.9949958125176231,0.990445010867515,0.9983333333333333,0.09858887500000435,0.03468279199999813,0.14234062500000277,20.31786869612622,
blobs,synthetic,dense_rbf_reference,,2,0.7,3.7679203206072467,0.035218153641461296,0.012835374999994542,2880000,359400,0.9983333333333333,0.9949958125176231,0.990445010867515,0.9983333333333333,0.1053529169999905,0.09579462500001057,0.2139829169999956,20.31786869612622,
blobs,synthetic,dense_rbf_reference,,3,0.7,3.7679203206072467,0.035218153641461296,0.0091403750000012,2880000,359400,0.9983333333333333,0.9949958125176231,0.990445010867515,0.9983333333333333,0.15355895800000496,0.08253562500000555,0.24523495800001172,20.31786869612622,
blobs,synthetic,dense_rbf_reference,,4,0.7,3.7679203206072467,0.035218153641461296,0.007963875000001508,2880000,359400,0.9983333333333333,0.9949958125176231,0.990445010867515,0.9983333333333333,0.07232854100000452,0.1557657080000041,0.23605812400001014,20.31786869612622,
blobs,synthetic,knn_rbf,2.0,0,0.7,0.09620257568810461,54.025227541659454,0.0017507920000099375,21316,1576,,,,,,,,,"ARPACK error -1: No convergence (6001 iterations, 0/3 eigenvectors converged)"
blobs,synthetic,knn_rbf,2.0,1,0.7,0.09620257568810461,54.025227541659454,0.001973249999991822,21316,1576,,,,,,,,,"ARPACK error -1: No convergence (6001 iterations, 0/3 eigenvectors converged)"
blobs,synthetic,knn_rbf,2.0,2,0.7,0.09620257568810461,54.025227541659454,0.0019670410000003358,21316,1576,,,,,,,,,"ARPACK error -1: No convergence (6001 iterations, 0/3 eigenvectors converged)"
blobs,synthetic,knn_rbf,2.0,3,0.7,0.09620257568810461,54.025227541659454,0.00198029199999894,21316,1576,,,,,,,,,"ARPACK error -1: No convergence (6001 iterations, 0/3 eigenvectors converged)"
blobs,synthetic,knn_rbf,2.0,4,0.7,0.09620257568810461,54.025227541659454,0.0019586250000003247,21316,1576,,,,,,,,,"ARPACK error -1: No convergence (6001 iterations, 0/3 eigenvectors converged)"
blobs,synthetic,knn_rbf,3.0,0,0.7,0.11810187747575346,35.84729591951104,0.0014284589999959962,30124,2310,,,,,,,,,"ARPACK error -1: No convergence (6001 iterations, 0/3 eigenvectors converged)"
blobs,synthetic,knn_rbf,3.0,1,0.7,0.11810187747575346,35.84729591951104,0.0021398749999974598,30124,2310,,,,,,,,,"ARPACK error -1: No convergence (6001 iterations, 0/3 eigenvectors converged)"
blobs,synthetic,knn_rbf,3.0,2,0.7,0.11810187747575346,35.84729591951104,0.0084249580000062,30124,2310,,,,,,,,,"ARPACK error -1: No convergence (6001 iterations, 0/3 eigenvectors converged)"
blobs,synthetic,knn_rbf,3.0,3,0.7,0.11810187747575346,35.84729591951104,0.0018486669999902006,30124,2310,,,,,,,,,"ARPACK error -1: No convergence (6001 iterations, 0/3 eigenvectors converged)"
blobs,synthetic,knn_rbf,3.0,4,0.7,0.11810187747575346,35.84729591951104,0.0017854580000005171,30124,2310,,,,,,,,,"ARPACK error -1: No convergence (6001 iterations, 0/3 eigenvectors converged)"
blobs,synthetic,knn_rbf,4.0,0,0.7,0.13647112735844807,26.84654769629431,0.0015444169999909718,39100,3058,,,,,,,,,"ARPACK error -1: No convergence (6001 iterations, 0/3 eigenvectors converged)"
blobs,synthetic,knn_rbf,4.0,1,0.7,0.13647112735844807,26.84654769629431,0.002161749999999074,39100,3058,,,,,,,,,"ARPACK error -1: No convergence (6001 iterations, 0/3 eigenvectors converged)"
blobs,synthetic,knn_rbf,4.0,2,0.7,0.13647112735844807,26.84654769629431,0.00216904199999135,39100,3058,,,,,,,,,"ARPACK error -1: No convergence (6001 iterations, 0/3 eigenvectors converged)"
blobs,synthetic,knn_rbf,4.0,3,0.7,0.13647112735844807,26.84654769629431,0.001859000000010269,39100,3058,,,,,,,,,"ARPACK error -1: No convergence (6001 iterations, 0/3 eigenvectors converged)"
blobs,synthetic,knn_rbf,4.0,4,0.7,0.13647112735844807,26.84654769629431,0.0018501249999900438,39100,3058,,,,,,,,,"ARPACK error -1: No convergence (6001 iterations, 0/3 eigenvectors converged)"
blobs,synthetic,knn_rbf,6.0,0,0.7,0.1637504186203205,18.646836657064952,0.0017190829999975676,55948,4462,0.9966666666666667,0.9900168347249766,0.9829929733076637,0.9966666666666667,0.8467884999999882,0.012982082999997147,0.8614896659999829,0.004700316348720639,
blobs,synthetic,knn_rbf,6.0,1,0.7,0.1637504186203205,18.646836657064952,0.0018377080000107071,55948,4462,0.9966666666666667,0.9900168347249766,0.9829929733076637,0.9966666666666667,0.8308072499999923,0.010678874999996424,0.8433238329999995,0.004700316348720639,
blobs,synthetic,knn_rbf,6.0,2,0.7,0.1637504186203205,18.646836657064952,0.0017617500000000064,55948,4462,0.9966666666666667,0.9900168347249766,0.9829929733076634,0.9966666666666667,0.8749549170000108,0.010419416999994269,0.8871360840000051,0.004700316348720639,
blobs,synthetic,knn_rbf,6.0,3,0.7,0.1637504186203205,18.646836657064952,0.0017552090000094722,55948,4462,0.9966666666666667,0.9900168347249766,0.9829929733076634,0.9966666666666667,0.8329230420000044,0.010226916999997115,0.844905168000011,0.004700316348720639,
blobs,synthetic,knn_rbf,6.0,4,0.7,0.1637504186203205,18.646836657064952,0.0017606249999886359,55948,4462,0.9966666666666667,0.9900168347249766,0.9829929733076637,0.9966666666666667,0.8304571670000058,0.010265790999994806,0.8424835829999893,0.004700316348720639,
blobs,synthetic,knn_rbf,8.0,0,0.7,0.18436465020656448,14.710068559053122,0.0019329170000048634,73372,5914,0.9966666666666667,0.9900168347249766,0.9829929733076637,0.9966666666666667,0.22077445800000817,0.010308000000009088,0.23301537500002212,0.01593699230404323,
blobs,synthetic,knn_rbf,8.0,1,0.7,0.18436465020656448,14.710068559053122,0.0018987499999809643,73372,5914,0.9966666666666667,0.9900168347249766,0.9829929733076637,0.9966666666666667,0.22320200000001478,0.009641375000001062,0.2347421249999968,0.01593699230404323,
blobs,synthetic,knn_rbf,8.0,2,0.7,0.18436465020656448,14.710068559053122,0.0020788340000024164,73372,5914,0.9966666666666667,0.9900168347249766,0.9829929733076634,0.9966666666666667,0.21516850000000431,0.009640750000016851,0.22688808400002358,0.01593699230404323,
blobs,synthetic,knn_rbf,8.0,3,0.7,0.18436465020656448,14.710068559053122,0.0018621250000023792,73372,5914,0.9966666666666667,0.9900168347249766,0.9829929733076634,0.9966666666666667,0.21871341700000357,0.00972766600000341,0.23030320800000936,0.01593699230404323,
blobs,synthetic,knn_rbf,8.0,4,0.7,0.18436465020656448,14.710068559053122,0.0018532919999927344,73372,5914,0.9966666666666667,0.9900168347249766,0.9829929733076637,0.9966666666666667,0.2606876669999849,0.010010749999992186,0.27255170899996983,0.01593699230404323,
blobs,synthetic,knn_rbf,10.0,0,0.7,0.20458020706859695,11.946557469616836,0.001935583000005181,91324,7410,0.9966666666666667,0.9900168347249766,0.9829929733076637,0.9966666666666667,0.07816545800000085,0.016134250000021666,0.0962352910000277,0.03733032162312294,
blobs,synthetic,knn_rbf,10.0,1,0.7,0.20458020706859695,11.946557469616836,0.003620707999999695,91324,7410,0.9966666666666667,0.9900168347249766,0.9829929733076637,0.9966666666666667,0.1129449170000214,0.011622790999979316,0.12818841600000042,0.03733032162312294,
blobs,synthetic,knn_rbf,10.0,2,0.7,0.20458020706859695,11.946557469616836,0.002689957999990611,91324,7410,0.9966666666666667,0.9900168347249766,0.9829929733076634,0.9966666666666667,0.09862833400001136,0.01377587499999322,0.1150941669999952,0.03733032162312294,
blobs,synthetic,knn_rbf,10.0,3,0.7,0.20458020706859695,11.946557469616836,0.0035233330000039587,91324,7410,0.9966666666666667,0.9900168347249766,0.9829929733076634,0.9966666666666667,0.12233395900000232,0.014029707999981156,0.13988699999998744,0.03733032162312294,
blobs,synthetic,knn_rbf,10.0,4,0.7,0.20458020706859695,11.946557469616836,0.003194750000005797,91324,7410,0.9966666666666667,0.9900168347249766,0.9829929733076637,0.9966666666666667,0.09925341599998205,0.013267458000001398,0.11571562399998925,0.03733032162312294,
blobs,synthetic,knn_rbf,12.0,0,0.7,0.22334071415802437,10.023841787759357,0.003618917000011379,109540,8928,0.9966666666666667,0.9900168347249766,0.9829929733076637,0.9966666666666667,0.03682100000000332,0.01292574999999374,0.05336566700000844,0.0686302201507318,
blobs,synthetic,knn_rbf,12.0,1,0.7,0.22334071415802437,10.023841787759357,0.0026862499999822376,109540,8928,0.9966666666666667,0.9900168347249766,0.9829929733076637,0.9966666666666667,0.031595749999979716,0.016964208999979746,0.0512462089999417,0.0686302201507318,
blobs,synthetic,knn_rbf,12.0,2,0.7,0.22334071415802437,10.023841787759357,0.0033669999999972333,109540,8928,0.9966666666666667,0.9900168347249766,0.9829929733076634,0.9966666666666667,0.03795837499998811,0.011889832999997907,0.05321520799998325,0.0686302201507318,
blobs,synthetic,knn_rbf,12.0,3,0.7,0.22334071415802437,10.023841787759357,0.0029166249999832417,109540,8928,0.9966666666666667,0.9900168347249766,0.9829929733076634,0.9966666666666667,0.03143529100000819,0.011931833999994979,0.04628374999998641,0.0686302201507318,
blobs,synthetic,knn_rbf,12.0,4,0.7,0.22334071415802437,10.023841787759357,0.0038040420000129416,109540,8928,0.9966666666666667,0.9900168347249766,0.9829929733076637,0.9966666666666667,0.033927290999997695,0.011891457999979593,0.04962279099999023,0.0686302201507318,
blobs,synthetic,knn_rbf,16.0,0,0.7,0.25446712244430886,7.721588382507073,0.003025291000000152,145540,11928,0.9966666666666667,0.9900168347249766,0.9829929733076637,0.9966666666666667,0.017536249999977827,0.01156095899997922,0.0321224999999572,0.14257457839887921,
blobs,synthetic,knn_rbf,16.0,1,0.7,0.25446712244430886,7.721588382507073,0.003282665999989831,145540,11928,0.9966666666666667,0.9900168347249766,0.9829929733076637,0.9966666666666667,0.01686783299999206,0.0114645419999988,0.03161504099998069,0.14257457839887921,
blobs,synthetic,knn_rbf,16.0,2,0.7,0.25446712244430886,7.721588382507073,0.003260833000013008,145540,11928,0.9966666666666667,0.9900168347249766,0.9829929733076634,0.9966666666666667,0.017160499999988588,0.011666500000018232,0.03208783300001983,0.14257457839887921,
blobs,synthetic,knn_rbf,16.0,3,0.7,0.25446712244430886,7.721588382507073,0.003288790999988578,145540,11928,0.9966666666666667,0.9900168347249766,0.9829929733076634,0.9966666666666667,0.017060791999995217,0.011196791000003259,0.031546373999987054,0.14257457839887921,
blobs,synthetic,knn_rbf,16.0,4,0.7,0.25446712244430886,7.721588382507073,0.003269416000023284,145540,11928,0.9966666666666667,0.9900168347249766,0.9829929733076637,0.9966666666666667,0.02047212499999773,0.020581875000004857,0.04432341600002587,0.14257457839887921,
blobs,synthetic,knn_rbf,24.0,0,0.7,0.3106019741258874,5.182765760205399,0.0043416670000056,218908,18042,0.9966666666666667,0.9900168347249766,0.9829929733076637,0.9966666666666667,0.015723915999984683,0.013782042000002548,0.03384762499999283,0.322269321093326,
blobs,synthetic,knn_rbf,24.0,1,0.7,0.3106019741258874,5.182765760205399,0.004822915999994848,218908,18042,0.9966666666666667,0.9900168347249766,0.9829929733076637,0.9966666666666667,0.01559104099999331,0.013564625000014985,0.033978582000003144,0.322269321093326,
blobs,synthetic,knn_rbf,24.0,2,0.7,0.3106019741258874,5.182765760205399,0.005085624999992433,218908,18042,0.9966666666666667,0.9900168347249766,0.9829929733076634,0.9966666666666667,0.013025583000001006,0.012068374999984144,0.030179582999977583,0.322269321093326,
blobs,synthetic,knn_rbf,24.0,3,0.7,0.3106019741258874,5.182765760205399,0.0034495829999912075,218908,18042,0.9966666666666667,0.9900168347249766,0.9829929733076634,0.9966666666666667,0.010851207999991175,0.011710499999992408,0.02601129099997479,0.322269321093326,
blobs,synthetic,knn_rbf,24.0,4,0.7,0.3106019741258874,5.182765760205399,0.004012541000008696,218908,18042,0.9966666666666667,0.9900168347249766,0.9829929733076637,0.9966666666666667,0.013004291999976658,0.011333707999995113,0.028350540999980467,0.322269321093326,
blobs,synthetic,knn_rbf,32.0,0,0.7,0.3583899474270464,3.8927665994898137,0.004764540999985911,292324,24160,0.9966666666666667,0.9900168347249766,0.9829929733076637,0.9966666666666667,0.011834125000007134,0.011283499999990454,0.0278821659999835,0.4872596732110327,
blobs,synthetic,knn_rbf,32.0,1,0.7,0.3583899474270464,3.8927665994898137,0.004932582999998658,292324,24160,0.9966666666666667,0.9900168347249766,0.9829929733076637,0.9966666666666667,0.010988374999982398,0.011361417000017582,0.027282374999998638,0.4872596732110327,
blobs,synthetic,knn_rbf,32.0,2,0.7,0.3583899474270464,3.8927665994898137,0.0050700000000176715,292324,24160,0.9966666666666667,0.9900168347249766,0.9829929733076634,0.9966666666666667,0.012347665999982382,0.012191749999999502,0.029609415999999555,0.4872596732110327,
blobs,synthetic,knn_rbf,32.0,3,0.7,0.3583899474270464,3.8927665994898137,0.0059366250000039145,292324,24160,0.9966666666666667,0.9900168347249766,0.9829929733076634,0.9966666666666667,0.014743832999982942,0.014300665999996909,0.034981123999983765,0.4872596732110327,
blobs,synthetic,knn_rbf,32.0,4,0.7,0.3583899474270464,3.8927665994898137,0.005860874999996213,292324,24160,0.9966666666666667,0.9900168347249766,0.9829929733076637,0.9966666666666667,0.014904834000020628,0.015659333000002107,0.03642504200001895,0.4872596732110327,
blobs,synthetic,knn_rbf,48.0,0,0.7,0.44037069759031483,2.578298393478039,0.008080290999998851,441100,36558,0.9983333333333333,0.9949958125176231,0.990445010867515,0.9983333333333333,0.013049832999996624,0.013220291999999745,0.03435041599999522,0.4592684230662962,
blobs,synthetic,knn_rbf,48.0,1,0.7,0.44037069759031483,2.578298393478039,0.0063998340000068765,441100,36558,0.9983333333333333,0.9949958125176231,0.990445010867515,0.9983333333333333,0.010276083999997354,0.012198791999992409,0.02887470999999664,0.4592684230662962,
blobs,synthetic,knn_rbf,48.0,2,0.7,0.44037069759031483,2.578298393478039,0.00618316700001742,441100,36558,0.9983333333333333,0.9949958125176231,0.990445010867515,0.9983333333333333,0.011083834000004344,0.013378916000021945,0.03064591700004371,0.4592684230662962,
blobs,synthetic,knn_rbf,48.0,3,0.7,0.44037069759031483,2.578298393478039,0.007322500000014998,441100,36558,0.9983333333333333,0.9949958125176231,0.990445010867515,0.9983333333333333,0.010916584000000285,0.022452791999995725,0.04069187600001101,0.4592684230662962,
blobs,synthetic,knn_rbf,48.0,4,0.7,0.44037069759031483,2.578298393478039,0.00577041700000791,441100,36558,0.9983333333333333,0.9949958125176231,0.990445010867515,0.9983333333333333,0.012056833000002598,0.015076749999991534,0.03290400000000204,0.4592684230662962,
